Workbook

Sheet CAMPS18
A1: N° -2 | B1: STRUCTURE ORGANISATRICE DU CAMP | C1: RÉGION ou RÉGION DE RATTACHEMENT DE L'ORGANISATEUR | D1: CAMP DÉCLARÉ AU TITRE DE L'ACCUEIL DE SCOUTISME | E1: PRÉCISEZ LES GROUPES SUR LE CAMP DE REGROUPEMENT | F1: DATE DE DÉBUT DU CAMP | G1: DATE DE FIN DU CAMP | H1: EFFECTIFS PRÉVISIONNELS LUTINS | I1: EFFECTIFS PRÉVISIONNELS RESPONSABLE LUTINS | J1: EFFECTIFS PRÉVISIONNELS LOUVETEAUX | K1: EFFECTIFS PRÉVISIONNELS RESPONSABLE LOUVETEAUX | L1: EFFECTIFS PRÉVISIONNELS ÉCLAIREUSES- ÉCLAIREURS | M1: EFFECTIFS PRÉVISIONNELS RESPONSABLE ÉCLAIREUSES- ÉCLAIREURS | N1: EFFECTIFS PRÉVISIONNELS AINÉS | O1: EFFECTIFS PRÉVISIONNELS RESPONSABLE AINÉS | P1: EFFECTIFS PRÉVISIONNELS NOMADES | Q1: EFFECTIFS PRÉVISIONNELS AUTRES ENCADREMENTS | R1: TOTAL PART | S1: TOTAL ENCADREMENT | T1: TAUX ENCADREMENT | U1: TOTAL DE PARTICIPANTS | V1: Résultats Lutins | W1: Résultats Responsables Lutins | X1: Résultats LVX | Y1: Résultats Responsables LVX | Z1: Résultats Eclés | AA1: Résultats Responsables Eclés | AB1: Résultats Aînés | AC1: Résultats Responsables Aînés | AD1: JAE- NOMADES | AE1: Autres Encadrements | AF1: IMPLANTATION DU CAMP | AG1: LIEU DU CAMP EN France | AH1: SI LE CAMP EST Á L'ÉTRANGER PRÉCISÉ LE PAYS | AI1: SOUHAITE PARTICIPER Á VIS MON CAMP | AJ1: DÉNOMINATION ET ADRESSE PRÉCISE DU CAMP | AL1: NOM ET PRÉNOM DU DIRECTEUR | AM1: MAIL DU DIRECTEUR | AN1: TÉLÉPHONE DU DIRECTEUR | AO1: NOM ET PRÉNOM DE L'ORGANISATEUR | AP1: MOIS DU CAMP | AQ1: DPT DU LIEU DU CAMP | AR1: RÉGION OU PAYS D'ACCUEIL | AS1: TYPE | AT1: CUA: Aînés- CUE: éclés- CULO : louvettte.teau- CULI : Lutin.e.s - CG : camp de groupe- CR : camp régional- CRGUE : Camp de regroupement d'unité éclés -CRGUA : Camp de regroupement d'unité Ainés -CRGULO : Camp de regroupement d'unité Louveteaux -CRGULI : Camp de regroupement d'unité Lutins -CRG : Camp de regroupement -RO : Camp régional ouvert - CIG : camp inter groupes - SAM: séjours adaptés mineurs - SAA : séjours adaptés adultes - SOU : séjours ouverts | AU1: - A : < 20 - B : 21-50 - C : 51-80 - D > 80 | AV1: - TN : N étant le nombre du taux
A2: 1 | C2: Languedoc Roussillon | D2: Camp d'unité Ainés | F2: 43288 | G2: 43303 | H2: 0 | I2: 0 | J2: 0 | K2: 0 | L2: 0 | M2: 0 | N2: 13 | O2: 2 | P2: 0 | Q2: 0 | R2: =H2+J2+L2+N2+P2 -> 13 | S2: =I2+K2+M2+O2+Q2 -> 2 | T2: =S2/R2 -> 0.15384615 | U2: =R2+S2 -> 15 | AB2: 1 | AC2: -1 | AF2: Camp fixe sous tente sans appui en dur | AG2: Argelès | AH2: Sitges (Espagne) | AJ2: Camping le Roussillonnais : boulevard de la Mer 66702 ARGELÈS SUR MER Camping Sitges : Ctra KM 246a 38. 08870 SITGES (Espagne) | AK2: ITINERANT | AL2: LEBEGUE Christophe | AM2: lebeguech@numericable.fr | AN2: 614723786 | AO2: LARTIGUE Philippe | AP2: 07 | AR2: Midi Pyrénées | AS2: G | AT2: =IF(D2="Camp d'unité Ainés","CUA",IF(D2="camp d'unité éclés","CUE",IF(D2="Camp d'unité louveteaux","CULO",IF(D2="Camp d'unité lutins","CULI",IF(D2="Camp de groupe","CG",IF(D2="Camp régional","CR",IF(D2="Camp de regroupement","CGG",IF(D2="Camp de regroupement d'unité Ainés","CRGUA",IF(D2="Camp de regroupement d'unité éclés","CRGUE",IF(D2="Camp de regroupement d'unité louveteaux","CRGULO",IF(D2="Camp de regroupement d'unité lutins","CRGULI",IF(D2="Camp inter groupe","CIG",IF(D2="Séjours adaptés mineurs","SAM",IF(D2="Séjours adaptés adultes","SAA",IF(D2="Séjours ouverts","SOU",IF(D2="Camp régional ouvert","RO")))))))))))))))) -> CUA | AU2: =IF(R2<=20,"A",IF(AND(R2>=21,R2<=50),"B",IF(AND(R2>=51,R2<=80),"C",IF(R2>80,"D")))) -> A | AV2: T | AW2: =BV2/BW2 -> #DIV/0!
A3: 2 | B3: Auvergne | C3: Auvergne | D3: Camp de regroupement | E3: La Merlerie La Meute | F3: 43297 | G3: 43311 | H3: 7 | I3: 2 | J3: 6 | K3: 2 | L3: 0 | M3: 0 | N3: 0 | O3: 0 | P3: 0 | Q3: 0 | R3: =H3+J3+L3+N3+P3 -> 13 | S3: =I3+K3+M3+O3+Q3 -> 4 | T3: =S3/R3 -> 0.30769231 | U3: =R3+S3 -> 17 | V3: -13 | W3: -1 | X3: -14 | Y3: -1 | AF3: Camp fixe sous tente avec appui en dur | AG3: Viscomtat | AJ3: 63463 | AK3: CPN | AL3: BANDA Alexandre | AM3: alexandre.banda@outlook.com | AN3: 619857146 | AO3: CORBARA Alexis | AP3: 07 | AQ3: 63 | AR3: Auvergne | AS3: G | AT3: =IF(D3="Camp d'unité Ainés","CUA",IF(D3="camp d'unité éclés","CUE",IF(D3="Camp d'unité louveteaux","CULO",IF(D3="Camp d'unité lutins","CULI",IF(D3="Camp de groupe","CG",IF(D3="Camp régional","CR",IF(D3="Camp de regroupement","CGG",IF(D3="Camp de regroupement d'unité Ainés","CRGUA",IF(D3="Camp de regroupement d'unité éclés","CRGUE",IF(D3="Camp de regroupement d'unité louveteaux","CRGULO",IF(D3="Camp de regroupement d'unité lutins","CRGULI",IF(D3="Camp inter groupe","CIG",IF(D3="Séjours adaptés mineurs","SAM",IF(D3="Séjours adaptés adultes","SAA",IF(D3="Séjours ouverts","SOU",IF(D3="Camp régional ouvert","RO")))))))))))))))) -> CGG | AU3: =IF(R3<=20,"A",IF(AND(R3>=21,R3<=50),"B",IF(AND(R3>=51,R3<=80),"C",IF(R3>80,"D")))) -> A | AV3: T | AW3: =BV3/BW3 -> #DIV/0!
A4: 3 | B4: Vichy | C4: Auvergne | D4: Camp de groupe | F4: 43290 | G4: 43304 | H4: 0 | I4: 0 | J4: 12 | K4: 2 | L4: 16 | M4: 3 | N4: 0 | O4: 0 | P4: 0 | Q4: 2 | R4: =H4+J4+L4+N4+P4 -> 28 | S4: =I4+K4+M4+O4+Q4 -> 7 | T4: =S4/R4 -> 0.25 | U4: =R4+S4 -> 35 | V4: -10 | W4: -2 | X4: -6 | Y4: -1 | Z4: 16 | AA4: 3 | AF4: Camp fixe sous tente sans appui en dur | AG4: Parnay | AJ4: Edouard Pisani-Ferry Champ des Frênes, Château de Targés 49730 PARNAY | AK4: EXT | AL4: DELANNOIS Michel | AM4: husky046@gmail.com | AN4: 626644811 | AO4: DELANNOIS Michel | AP4: 07 | AQ4: 49 | AR4: Pays de la Loire | AS4: G | AT4: =IF(D4="Camp d'unité Ainés","CUA",IF(D4="camp d'unité éclés","CUE",IF(D4="Camp d'unité louveteaux","CULO",IF(D4="Camp d'unité lutins","CULI",IF(D4="Camp de groupe","CG",IF(D4="Camp régional","CR",IF(D4="Camp de regroupement","CGG",IF(D4="Camp de regroupement d'unité Ainés","CRGUA",IF(D4="Camp de regroupement d'unité éclés","CRGUE",IF(D4="Camp de regroupement d'unité louveteaux","CRGULO",IF(D4="Camp de regroupement d'unité lutins","CRGULI",IF(D4="Camp inter groupe","CIG",IF(D4="Séjours adaptés mineurs","SAM",IF(D4="Séjours adaptés adultes","SAA",IF(D4="Séjours ouverts","SOU",IF(D4="Camp régional ouvert","RO")))))))))))))))) -> CG | AU4: =IF(R4<=20,"A",IF(AND(R4>=21,R4<=50),"B",IF(AND(R4>=51,R4<=80),"C",IF(R4>80,"D")))) -> B | AV4: T | AW4: =BV4/BW4 -> #DIV/0!
A5: 4 | B5: Puy en Velay | C5: Auvergne | D5: Camp de regroupement d'unité Ainés | E5: Limoges Paris Est | F5: 43290 | G5: 43308 | H5: 0 | I5: 0 | J5: 0 | K5: 0 | L5: 0 | M5: 0 | N5: 19 | O5: 4 | P5: 0 | Q5: 0 | R5: =H5+J5+L5+N5+P5 -> 19 | S5: =I5+K5+M5+O5+Q5 -> 4 | T5: =S5/R5 -> 0.21052632 | U5: =R5+S5 -> 23 | AB5: -3 | AC5: -1 | AE5: -1 | AF5: Camp fixe avec appui en dur | AG5: Brousse le Château | AI5: Oui | AJ5: Les amis de St Cyrice 12480 BROUSSE LE CHÂTEAU | AK5: EXT | AL5: BLANCHARD Timothé | AM5: timothe__blanchard@hotmail.fr | AN5: 677762449 | AO5: CORBARA Alexis | AP5: 07 | AQ5: 12 | AR5: Midi Pyrénées | AS5: G | AT5: =IF(D5="Camp d'unité Ainés","CUA",IF(D5="camp d'unité éclés","CUE",IF(D5="Camp d'unité louveteaux","CULO",IF(D5="Camp d'unité lutins","CULI",IF(D5="Camp de groupe","CG",IF(D5="Camp régional","CR",IF(D5="Camp de regroupement","CGG",IF(D5="Camp de regroupement d'unité Ainés","CRGUA",IF(D5="Camp de regroupement d'unité éclés","CRGUE",IF(D5="Camp de regroupement d'unité louveteaux","CRGULO",IF(D5="Camp de regroupement d'unité lutins","CRGULI",IF(D5="Camp inter groupe","CIG",IF(D5="Séjours adaptés mineurs","SAM",IF(D5="Séjours adaptés adultes","SAA",IF(D5="Séjours ouverts","SOU",IF(D5="Camp régional ouvert","RO")))))))))))))))) -> CRGUA | AU5: =IF(R5<=20,"A",IF(AND(R5>=21,R5<=50),"B",IF(AND(R5>=51,R5<=80),"C",IF(R5>80,"D")))) -> A | AV5: T | AW5: =BV5/BW5 -> #DIV/0!
A6: 5 | B6: Cournon | C6: Auvergne | D6: Camp de groupe | F6: 43297 | G6: 43312 | H6: 0 | I6: 0 | J6: 19 | K6: 8 | L6: 22 | M6: 7 | N6: 0 | O6: 0 | P6: 0 | Q6: 4 | R6: =H6+J6+L6+N6+P6 -> 41 | S6: =I6+K6+M6+O6+Q6 -> 19 | T6: =S6/R6 -> 0.46341463 | U6: =R6+S6 -> 60 | X6: -1 | Y6: 3 | Z6: -3 | AA6: 2 | AF6: Camp fixe avec appui en dur | AG6: La Motte en Champsaur | AJ6: Centre EEDF Les Molines 05500 LA MOTTE EN CHAMPSAUR | AK6: LOCATION | AL6: SUDRE Lucille | AM6: lucilesudre63@gmail.com | AN6: 623799447 | AO6: AUDIER Marie Noëlle | AP6: 07 | AQ6: 05 | AR6: PACA | AS6: G | AT6: =IF(D6="Camp d'unité Ainés","CUA",IF(D6="camp d'unité éclés","CUE",IF(D6="Camp d'unité louveteaux","CULO",IF(D6="Camp d'unité lutins","CULI",IF(D6="Camp de groupe","CG",IF(D6="Camp régional","CR",IF(D6="Camp de regroupement","CGG",IF(D6="Camp de regroupement d'unité Ainés","CRGUA",IF(D6="Camp de regroupement d'unité éclés","CRGUE",IF(D6="Camp de regroupement d'unité louveteaux","CRGULO",IF(D6="Camp de regroupement d'unité lutins","CRGULI",IF(D6="Camp inter groupe","CIG",IF(D6="Séjours adaptés mineurs","SAM",IF(D6="Séjours adaptés adultes","SAA",IF(D6="Séjours ouverts","SOU",IF(D6="Camp régional ouvert","RO")))))))))))))))) -> CG | AU6: =IF(R6<=20,"A",IF(AND(R6>=21,R6<=50),"B",IF(AND(R6>=51,R6<=80),"C",IF(R6>80,"D")))) -> B | AV6: T | AW6: =BV6/BW6 -> #DIV/0!
A7: 6 | B7: Cournon | C7: Auvergne | D7: Camp d'unité Ainés | F7: 43292 | G7: 43313 | H7: 0 | I7: 0 | J7: 0 | K7: 0 | L7: 0 | M7: 0 | N7: 18 | O7: 4 | P7: 0 | Q7: 0 | R7: =H7+J7+L7+N7+P7 -> 18 | S7: =I7+K7+M7+O7+Q7 -> 4 | T7: =S7/R7 -> 0.22222222 | U7: =R7+S7 -> 22 | AB7: -1 | AF7: Camp fixe sous tente sans appui en dur | AH7: Madagascar | AJ7: Mamy RAKOTCHARINIVO 17 rue Stefani Amparibe BP 1415 ANATLAKELY-101 ANTANANARIVO MADAGASCAR | AK7: ETRANGER | AL7: BISSON Odeline | AM7: odelinebisson@hotmail.com | AN7: 637828714 | AO7: AUDIER Marie Noëlle | AP7: 07/08 | AS7: G | AT7: =IF(D7="Camp d'unité Ainés","CUA",IF(D7="camp d'unité éclés","CUE",IF(D7="Camp d'unité louveteaux","CULO",IF(D7="Camp d'unité lutins","CULI",IF(D7="Camp de groupe","CG",IF(D7="Camp régional","CR",IF(D7="Camp de regroupement","CGG",IF(D7="Camp de regroupement d'unité Ainés","CRGUA",IF(D7="Camp de regroupement d'unité éclés","CRGUE",IF(D7="Camp de regroupement d'unité louveteaux","CRGULO",IF(D7="Camp de regroupement d'unité lutins","CRGULI",IF(D7="Camp inter groupe","CIG",IF(D7="Séjours adaptés mineurs","SAM",IF(D7="Séjours adaptés adultes","SAA",IF(D7="Séjours ouverts","SOU",IF(D7="Camp régional ouvert","RO")))))))))))))))) -> CUA | AU7: =IF(R7<=20,"A",IF(AND(R7>=21,R7<=50),"B",IF(AND(R7>=51,R7<=80),"C",IF(R7>80,"D")))) -> A | AV7: T | AW7: =BV7/BW7 -> #DIV/0!
A8: 7 | B8: Puy en Velay | C8: Auvergne | D8: Camp de regroupement | E8: Cassiopée | F8: 43291 | G8: 43311 | H8: 6 | I8: 2 | J8: 15 | K8: 4 | L8: 15 | M8: 6 | N8: 0 | O8: 0 | P8: 0 | Q8: 2 | R8: =H8+J8+L8+N8+P8 -> 36 | S8: =I8+K8+M8+O8+Q8 -> 14 | T8: =S8/R8 -> 0.38888889 | U8: =R8+S8 -> 50 | V8: -4 | X8: -5 | Y8: -1 | Z8: -5 | AA8: 1 | AE8: 1 | AF8: Camp fixe avec appui en dur | AG8: Montredon Labessonnie | AJ8: M. ou Mme Courtarel Bouisset La Borie Maigre 82360 MONTREDON LABESSONNIE | AK8: EXT | AL8: SANQUER Léo | AM8: leosanquer@laposte.net | AN8: 758251193 | AO8: CORBARA Alexis | AP8: 07 | AQ8: 82 | AR8: Midi Pyrénées | AS8: G | AT8: =IF(D8="Camp d'unité Ainés","CUA",IF(D8="camp d'unité éclés","CUE",IF(D8="Camp d'unité louveteaux","CULO",IF(D8="Camp d'unité lutins","CULI",IF(D8="Camp de groupe","CG",IF(D8="Camp régional","CR",IF(D8="Camp de regroupement","CGG",IF(D8="Camp de regroupement d'unité Ainés","CRGUA",IF(D8="Camp de regroupement d'unité éclés","CRGUE",IF(D8="Camp de regroupement d'unité louveteaux","CRGULO",IF(D8="Camp de regroupement d'unité lutins","CRGULI",IF(D8="Camp inter groupe","CIG",IF(D8="Séjours adaptés mineurs","SAM",IF(D8="Séjours adaptés adultes","SAA",IF(D8="Séjours ouverts","SOU",IF(D8="Camp régional ouvert","RO")))))))))))))))) -> CGG | AU8: =IF(R8<=20,"A",IF(AND(R8>=21,R8<=50),"B",IF(AND(R8>=51,R8<=80),"C",IF(R8>80,"D")))) -> B | AV8: T | AW8: =BV8/BW8 -> #DIV/0!
A9: 8 | B9: Royat Chamalière | C9: Auvergne | D9: Camp de groupe | F9: 43316 | G9: 43337 | H9: 2 | I9: 1 | J9: 5 | K9: 1 | L9: 8 | M9: 2 | N9: 0 | O9: 0 | P9: 0 | Q9: 2 | R9: =H9+J9+L9+N9+P9 -> 15 | S9: =I9+K9+M9+O9+Q9 -> 6 | T9: =S9/R9 -> 0.4 | U9: =R9+S9 -> 21 | V9: -1 | X9: -2 | Y9: -1 | Z9: -2 | AE9: 1 | AF9: Camp fixe avec appui en dur | AG9: Queaux | AJ9: 86203 | AK9: CENTRE | AL9: DENTIN Clémence | AM9: clemencedentin.klm@gmail.com | AN9: 07 82 86 20 92 | AO9: TRUCHASSOU Floriane | AP9: 08 | AQ9: 86 | AR9: Poitou Charente | AS9: G | AT9: =IF(D9="Camp d'unité Ainés","CUA",IF(D9="camp d'unité éclés","CUE",IF(D9="Camp d'unité louveteaux","CULO",IF(D9="Camp d'unité lutins","CULI",IF(D9="Camp de groupe","CG",IF(D9="Camp régional","CR",IF(D9="Camp de regroupement","CGG",IF(D9="Camp de regroupement d'unité Ainés","CRGUA",IF(D9="Camp de regroupement d'unité éclés","CRGUE",IF(D9="Camp de regroupement d'unité louveteaux","CRGULO",IF(D9="Camp de regroupement d'unité lutins","CRGULI",IF(D9="Camp inter groupe","CIG",IF(D9="Séjours adaptés mineurs","SAM",IF(D9="Séjours adaptés adultes","SAA",IF(D9="Séjours ouverts","SOU",IF(D9="Camp régional ouvert","RO")))))))))))))))) -> CG | AU9: =IF(R9<=20,"A",IF(AND(R9>=21,R9<=50),"B",IF(AND(R9>=51,R9<=80),"C",IF(R9>80,"D")))) -> A | AV9: T | AW9: =BV9/BW9 -> #DIV/0!
A10: 9 | B10: Loche Beaulieu | C10: Centre | D10: Camp de regroupement | E10: Ventoux | F10: 43290 | G10: 43308 | H10: 4 | I10: 1 | J10: 13 | K10: 4 | L10: 32 | M10: 4 | N10: 0 | O10: 0 | P10: 0 | Q10: 3 | R10: =H10+J10+L10+N10+P10 -> 49 | S10: =I10+K10+M10+O10+Q10 -> 12 | T10: =S10/R10 -> 0.24489796 | U10: =R10+S10 -> 61 | V10: -2 | W10: 0 | X10: -7 | Y10: 0 | Z10: 6 | AA10: 1 | AB10: 0 | AC10: 0 | AD10: 0 | AE10: 3 | AF10: Camp fixe sous tente sans appui en dur | AG10: Espinchal | AJ10: Mairie Espinchal 63850 ESPINCHAL | AK10: MAIRIE | AL10: DUBERNAY Christophe | AM10: christophe.dubernay@gmail.com | AN10: 611775004 | AO10: FOUSSIER Suzanne | AP10: 07 | AQ10: 63 | AR10: Auvergne | AS10: G | AT10: =IF(D10="Camp d'unité Ainés","CUA",IF(D10="camp d'unité éclés","CUE",IF(D10="Camp d'unité louveteaux","CULO",IF(D10="Camp d'unité lutins","CULI",IF(D10="Camp de groupe","CG",IF(D10="Camp régional","CR",IF(D10="Camp de regroupement","CGG",IF(D10="Camp de regroupement d'unité Ainés","CRGUA",IF(D10="Camp de regroupement d'unité éclés","CRGUE",IF(D10="Camp de regroupement d'unité louveteaux","CRGULO",IF(D10="Camp de regroupement d'unité lutins","CRGULI",IF(D10="Camp inter groupe","CIG",IF(D10="Séjours adaptés mineurs","SAM",IF(D10="Séjours adaptés adultes","SAA",IF(D10="Séjours ouverts","SOU",IF(D10="Camp régional ouvert","RO")))))))))))))))) -> CGG | AU10: =IF(R10<=20,"A",IF(AND(R10>=21,R10<=50),"B",IF(AND(R10>=51,R10<=80),"C",IF(R10>80,"D")))) -> B | AV10: T | AW10: =BV10/BW10 -> #DIV/0!
A11: 10 | B11: Hellemmes | C11: Hauts de France | D11: Camp de groupe | F11: 43290 | G11: 43303 | H11: 5 | I11: 2 | J11: 14 | K11: 4 | L11: 10 | M11: 3 | N11: 0 | O11: 0 | P11: 0 | Q11: 2 | R11: =H11+J11+L11+N11+P11 -> 29 | S11: =I11+K11+M11+O11+Q11 -> 11 | T11: =S11/R11 -> 0.37931034 | U11: =R11+S11 -> 40 | V11: -1 | X11: -1 | Z11: -3 | AF11: Camp fixe sous tente sans appui en dur | AG11: Luzy | AJ11: Château de Chijy 58170 LUZY | AK11: EXT | AL11: DECHERF Caroline | AM11: caroline.decherf@gmail.com | AN11: 788218134 | AO11: HELEVAUT Cathy | AP11: 07 | AQ11: 58 | AR11: Bourgogne | AS11: G | AT11: =IF(D11="Camp d'unité Ainés","CUA",IF(D11="camp d'unité éclés","CUE",IF(D11="Camp d'unité louveteaux","CULO",IF(D11="Camp d'unité lutins","CULI",IF(D11="Camp de groupe","CG",IF(D11="Camp régional","CR",IF(D11="Camp de regroupement","CGG",IF(D11="Camp de regroupement d'unité Ainés","CRGUA",IF(D11="Camp de regroupement d'unité éclés","CRGUE",IF(D11="Camp de regroupement d'unité louveteaux","CRGULO",IF(D11="Camp de regroupement d'unité lutins","CRGULI",IF(D11="Camp inter groupe","CIG",IF(D11="Séjours adaptés mineurs","SAM",IF(D11="Séjours adaptés adultes","SAA",IF(D11="Séjours ouverts","SOU",IF(D11="Camp régional ouvert","RO")))))))))))))))) -> CG | AU11: =IF(R11<=20,"A",IF(AND(R11>=21,R11<=50),"B",IF(AND(R11>=51,R11<=80),"C",IF(R11>80,"D")))) -> B | AV11: T | AW11: =BV11/BW11 -> #DIV/0!
A12: 11 | B12: Gravelines | C12: Hauts de France | D12: Camp de groupe | F12: 43317 | G12: 43331 | H12: 0 | I12: 0 | J12: 0 | K12: 0 | L12: 19 | M12: 3 | N12: 7 | O12: 1 | P12: 0 | Q12: 0 | R12: =H12+J12+L12+N12+P12 -> 26 | S12: =I12+K12+M12+O12+Q12 -> 4 | T12: =S12/R12 -> 0.15384615 | U12: =R12+S12 -> 30 | Z12: -4 | AA12: 1 | AB12: 2 | AF12: Camp fixe sous tente sans appui en dur | AG12: Fontaine en Bray | AJ12: Association ICART ferme pédagogique 167 rue du Bourg 76440 FONTAINE EN BRAY | AK12: FERME | AL12: HELEVAUT Cathy | AM12: cathy.helevaut@gmail.com | AN12: 680709339 | AO12: HELEVAUT Cathy | AP12: 08 | AQ12: 76 | AR12: Normandie | AS12: G | AT12: =IF(D12="Camp d'unité Ainés","CUA",IF(D12="camp d'unité éclés","CUE",IF(D12="Camp d'unité louveteaux","CULO",IF(D12="Camp d'unité lutins","CULI",IF(D12="Camp de groupe","CG",IF(D12="Camp régional","CR",IF(D12="Camp de regroupement","CGG",IF(D12="Camp de regroupement d'unité Ainés","CRGUA",IF(D12="Camp de regroupement d'unité éclés","CRGUE",IF(D12="Camp de regroupement d'unité louveteaux","CRGULO",IF(D12="Camp de regroupement d'unité lutins","CRGULI",IF(D12="Camp inter groupe","CIG",IF(D12="Séjours adaptés mineurs","SAM",IF(D12="Séjours adaptés adultes","SAA",IF(D12="Séjours ouverts","SOU",IF(D12="Camp régional ouvert","RO")))))))))))))))) -> CG | AU12: =IF(R12<=20,"A",IF(AND(R12>=21,R12<=50),"B",IF(AND(R12>=51,R12<=80),"C",IF(R12>80,"D")))) -> B | AV12: T | AW12: =BV12/BW12 -> #DIV/0!
A13: 12 | B13: Lille 3 | C13: Hauts de France | D13: Camp de groupe | F13: 43289 | G13: 43303 | H13: 10 | I13: 2 | J13: 16 | K13: 4 | L13: 20 | M13: 3 | N13: 0 | O13: 0 | P13: 0 | Q13: 3 | R13: =H13+J13+L13+N13+P13 -> 46 | S13: =I13+K13+M13+O13+Q13 -> 12 | T13: =S13/R13 -> 0.26086957 | U13: =R13+S13 -> 58 | W13: -1 | X13: 1 | Y13: 1 | AF13: Camp fixe sous tente sans appui en dur | AG13: Plumelec | AJ13: Eva Bonnel Le Guer 56420 PLUMELEC | AK13: EXT | AL13: DERACHE Adrien | AM13: adrien@derache.eu | AN13: 636804514 | AO13: HELEVAUT Cathy | AP13: 07 | AQ13: 56 | AR13: Bretagne | AS13: G | AT13: =IF(D13="Camp d'unité Ainés","CUA",IF(D13="camp d'unité éclés","CUE",IF(D13="Camp d'unité louveteaux","CULO",IF(D13="Camp d'unité lutins","CULI",IF(D13="Camp de groupe","CG",IF(D13="Camp régional","CR",IF(D13="Camp de regroupement","CGG",IF(D13="Camp de regroupement d'unité Ainés","CRGUA",IF(D13="Camp de regroupement d'unité éclés","CRGUE",IF(D13="Camp de regroupement d'unité louveteaux","CRGULO",IF(D13="Camp de regroupement d'unité lutins","CRGULI",IF(D13="Camp inter groupe","CIG",IF(D13="Séjours adaptés mineurs","SAM",IF(D13="Séjours adaptés adultes","SAA",IF(D13="Séjours ouverts","SOU",IF(D13="Camp régional ouvert","RO")))))))))))))))) -> CG | AU13: =IF(R13<=20,"A",IF(AND(R13>=21,R13<=50),"B",IF(AND(R13>=51,R13<=80),"C",IF(R13>80,"D")))) -> B | AV13: T | AW13: =BV13/BW13 -> #DIV/0!
A14: 13 | B14: Villeneuve d'Ascq | C14: Hauts de France | D14: Camp d'unité Ainés | F14: 43316 | G14: 43332 | H14: 0 | I14: 0 | J14: 0 | K14: 0 | L14: 0 | M14: 0 | N14: 12 | O14: 2 | P14: 0 | Q14: 2 | R14: =H14+J14+L14+N14+P14 -> 12 | S14: =I14+K14+M14+O14+Q14 -> 4 | T14: =S14/R14 -> 0.33333333 | U14: =R14+S14 -> 16 | AF14: Itinérant | AG14: Bécours | AH14: République Tchèque | AJ14: 12131 | AK14: CPN | AL14: EWALD Eliot | AM14: eliot.ewald@gmail.com | AN14: 621291640 | AO14: HELEVAUT Cathy | AP14: 08 | AR14: _ | AS14: G | AT14: =IF(D14="Camp d'unité Ainés","CUA",IF(D14="camp d'unité éclés","CUE",IF(D14="Camp d'unité louveteaux","CULO",IF(D14="Camp d'unité lutins","CULI",IF(D14="Camp de groupe","CG",IF(D14="Camp régional","CR",IF(D14="Camp de regroupement","CGG",IF(D14="Camp de regroupement d'unité Ainés","CRGUA",IF(D14="Camp de regroupement d'unité éclés","CRGUE",IF(D14="Camp de regroupement d'unité louveteaux","CRGULO",IF(D14="Camp de regroupement d'unité lutins","CRGULI",IF(D14="Camp inter groupe","CIG",IF(D14="Séjours adaptés mineurs","SAM",IF(D14="Séjours adaptés adultes","SAA",IF(D14="Séjours ouverts","SOU",IF(D14="Camp régional ouvert","RO")))))))))))))))) -> CUA | AU14: =IF(R14<=20,"A",IF(AND(R14>=21,R14<=50),"B",IF(AND(R14>=51,R14<=80),"C",IF(R14>80,"D")))) -> A | AV14: T | AW14: =BV14/BW14 -> #DIV/0!
A15: 14 | B15: Gravelines | C15: Hauts de France | D15: Camp de groupe | F15: 43317 | G15: 43331 | H15: 3 | I15: 0 | J15: 11 | K15: 2 | L15: 0 | M15: 0 | N15: 0 | O15: 0 | P15: 0 | Q15: 1 | R15: =H15+J15+L15+N15+P15 -> 14 | S15: =I15+K15+M15+O15+Q15 -> 3 | T15: =S15/R15 -> 0.21428571 | U15: =R15+S15 -> 17 | V15: -1 | AF15: Camp fixe sous tente sans appui en dur | AG15: Fontaine en Bray | AJ15: Association ICART ferme pédagogique 167 rue du Bourg 76440 FONTAINE EN BRAY | AK15: FERME | AL15: MAXIMY Sandrine | AM15: sandrine.srine@gmail.com | AN15: 630550147 | AO15: HELEVAUT Cathy | AP15: 08 | AQ15: 76 | AR15: Normandie | AS15: G | AT15: =IF(D15="Camp d'unité Ainés","CUA",IF(D15="camp d'unité éclés","CUE",IF(D15="Camp d'unité louveteaux","CULO",IF(D15="Camp d'unité lutins","CULI",IF(D15="Camp de groupe","CG",IF(D15="Camp régional","CR",IF(D15="Camp de regroupement","CGG",IF(D15="Camp de regroupement d'unité Ainés","CRGUA",IF(D15="Camp de regroupement d'unité éclés","CRGUE",IF(D15="Camp de regroupement d'unité louveteaux","CRGULO",IF(D15="Camp de regroupement d'unité lutins","CRGULI",IF(D15="Camp inter groupe","CIG",IF(D15="Séjours adaptés mineurs","SAM",IF(D15="Séjours adaptés adultes","SAA",IF(D15="Séjours ouverts","SOU",IF(D15="Camp régional ouvert","RO")))))))))))))))) -> CG | AU15: =IF(R15<=20,"A",IF(AND(R15>=21,R15<=50),"B",IF(AND(R15>=51,R15<=80),"C",IF(R15>80,"D")))) -> A | AV15: T | AW15: =BV15/BW15 -> #DIV/0!
A16: 15 | B16: Villeneuve d'Ascq | C16: Hauts de France | D16: Camp de regroupement | E16: Hazebrouck | F16: 43292 | G16: 43308 | H16: 3 | I16: 1 | J16: 24 | K16: 6 | L16: 25 | M16: 7 | N16: 10 | O16: 3 | P16: 0 | Q16: 3 | R16: =H16+J16+L16+N16+P16 -> 62 | S16: =I16+K16+M16+O16+Q16 -> 20 | T16: =S16/R16 -> 0.32258065 | U16: =R16+S16 -> 82 | X16: 7 | AF16: Camp fixe sous tente sans appui en dur | AG16: Ferrière sur Beaulieu | AI16: Oui | AJ16: 37132 | AK16: CENTRE | AL16: DUMORTIER WOLF Lucie | AM16: secretaire.eedfjulesverne@gmail.com | AN16: 608709956 | AO16: RINGOT Victor | AP16: 07 | AQ16: 37 | AR16: Centre | AS16: G | AT16: =IF(D16="Camp d'unité Ainés","CUA",IF(D16="camp d'unité éclés","CUE",IF(D16="Camp d'unité louveteaux","CULO",IF(D16="Camp d'unité lutins","CULI",IF(D16="Camp de groupe","CG",IF(D16="Camp régional","CR",IF(D16="Camp de regroupement","CGG",IF(D16="Camp de regroupement d'unité Ainés","CRGUA",IF(D16="Camp de regroupement d'unité éclés","CRGUE",IF(D16="Camp de regroupement d'unité louveteaux","CRGULO",IF(D16="Camp de regroupement d'unité lutins","CRGULI",IF(D16="Camp inter groupe","CIG",IF(D16="Séjours adaptés mineurs","SAM",IF(D16="Séjours adaptés adultes","SAA",IF(D16="Séjours ouverts","SOU",IF(D16="Camp régional ouvert","RO")))))))))))))))) -> CGG | AU16: =IF(R16<=20,"A",IF(AND(R16>=21,R16<=50),"B",IF(AND(R16>=51,R16<=80),"C",IF(R16>80,"D")))) -> C | AV16: T | AW16: =BV16/BW16 -> #DIV/0!
A17: 16 | B17: Centre de Morbecque | C17: Hauts de France | D17: Camp de regroupement d'unité éclés | E17: Croque vacances | F17: 43311 | G17: 43324 | H17: 0 | I17: 0 | J17: 0 | K17: 0 | L17: 40 | M17: 6 | N17: 0 | O17: 0 | P17: 0 | Q17: 0 | R17: =H17+J17+L17+N17+P17 -> 40 | S17: =I17+K17+M17+O17+Q17 -> 6 | T17: =S17/R17 -> 0.15 | U17: =R17+S17 -> 46 | AF17: Camp fixe sous tente avec appui en dur | AG17: Morbecque | AJ17: 59416 | AK17: CPN | AL17: DECONINCK Jordan | AM17: deconinck.jordan@gmail.com | AN17: 645824037 | AO17: HELEVAUT Cathy | AP17: 07/08 | AQ17: 59 | AR17: Hauts de france | AS17: C | AT17: =IF(D17="Camp d'unité Ainés","CUA",IF(D17="camp d'unité éclés","CUE",IF(D17="Camp d'unité louveteaux","CULO",IF(D17="Camp d'unité lutins","CULI",IF(D17="Camp de groupe","CG",IF(D17="Camp régional","CR",IF(D17="Camp de regroupement","CGG",IF(D17="Camp de regroupement d'unité Ainés","CRGUA",IF(D17="Camp de regroupement d'unité éclés","CRGUE",IF(D17="Camp de regroupement d'unité louveteaux","CRGULO",IF(D17="Camp de regroupement d'unité lutins","CRGULI",IF(D17="Camp inter groupe","CIG",IF(D17="Séjours adaptés mineurs","SAM",IF(D17="Séjours adaptés adultes","SAA",IF(D17="Séjours ouverts","SOU",IF(D17="Camp régional ouvert","RO")))))))))))))))) -> CRGUE | AU17: =IF(R17<=20,"A",IF(AND(R17>=21,R17<=50),"B",IF(AND(R17>=51,R17<=80),"C",IF(R17>80,"D")))) -> B | AV17: T | AW17: =BV17/BW17 -> #DIV/0!
A18: 17 | B18: Centre de Morbecque | C18: Hauts de France | D18: Camp de regroupement | E18: Croque vacances | F18: 43289 | G18: 43301 | H18: 0 | I18: 0 | J18: 20 | K18: 3 | L18: 20 | M18: 3 | N18: 20 | O18: 3 | P18: 0 | Q18: 0 | R18: =H18+J18+L18+N18+P18 -> 60 | S18: =I18+K18+M18+O18+Q18 -> 9 | T18: =S18/R18 -> 0.15 | U18: =R18+S18 -> 69 | AF18: Camp fixe sous tente avec appui en dur | AG18: Morbecque | AJ18: 59416 | AK18: CPN | AL18: DRUVENT Romain | AM18: romaindruvent@gmail.com | AN18: 659201183 | AO18: HELEVAUT Cathy | AP18: 07 | AQ18: 59 | AR18: Hauts de france | AS18: C | AT18: =IF(D18="Camp d'unité Ainés","CUA",IF(D18="camp d'unité éclés","CUE",IF(D18="Camp d'unité louveteaux","CULO",IF(D18="Camp d'unité lutins","CULI",IF(D18="Camp de groupe","CG",IF(D18="Camp régional","CR",IF(D18="Camp de regroupement","CGG",IF(D18="Camp de regroupement d'unité Ainés","CRGUA",IF(D18="Camp de regroupement d'unité éclés","CRGUE",IF(D18="Camp de regroupement d'unité louveteaux","CRGULO",IF(D18="Camp de regroupement d'unité lutins","CRGULI",IF(D18="Camp inter groupe","CIG",IF(D18="Séjours adaptés mineurs","SAM",IF(D18="Séjours adaptés adultes","SAA",IF(D18="Séjours ouverts","SOU",IF(D18="Camp régional ouvert","RO")))))))))))))))) -> CGG | AU18: =IF(R18<=20,"A",IF(AND(R18>=21,R18<=50),"B",IF(AND(R18>=51,R18<=80),"C",IF(R18>80,"D")))) -> C | AV18: T | AW18: =BV18/BW18 -> #DIV/0!
A19: 18 | B19: Centre de Morbecque | C19: Hauts de France | D19: Camp de regroupement | E19: Croque vacances | F19: 43289 | G19: 43294 | H19: 20 | I19: 3 | J19: 20 | K19: 3 | L19: 0 | M19: 0 | N19: 0 | O19: 0 | P19: 0 | Q19: 0 | R19: =H19+J19+L19+N19+P19 -> 40 | S19: =I19+K19+M19+O19+Q19 -> 6 | T19: =S19/R19 -> 0.15 | U19: =R19+S19 -> 46 | AF19: Camp fixe sous tente avec appui en dur | AG19: Morbecque | AJ19: 59416 | AK19: CPN | AL19: ENGLOO Aurélie | AM19: aurelie.engloo@gmail.com | AN19: 633819880 | AO19: HELEVAUT Cathy | AP19: 07 | AQ19: 59 | AR19: Hauts de france | AS19: C | AT19: =IF(D19="Camp d'unité Ainés","CUA",IF(D19="camp d'unité éclés","CUE",IF(D19="Camp d'unité louveteaux","CULO",IF(D19="Camp d'unité lutins","CULI",IF(D19="Camp de groupe","CG",IF(D19="Camp régional","CR",IF(D19="Camp de regroupement","CGG",IF(D19="Camp de regroupement d'unité Ainés","CRGUA",IF(D19="Camp de regroupement d'unité éclés","CRGUE",IF(D19="Camp de regroupement d'unité louveteaux","CRGULO",IF(D19="Camp de regroupement d'unité lutins","CRGULI",IF(D19="Camp inter groupe","CIG",IF(D19="Séjours adaptés mineurs","SAM",IF(D19="Séjours adaptés adultes","SAA",IF(D19="Séjours ouverts","SOU",IF(D19="Camp régional ouvert","RO")))))))))))))))) -> CGG | AU19: =IF(R19<=20,"A",IF(AND(R19>=21,R19<=50),"B",IF(AND(R19>=51,R19<=80),"C",IF(R19>80,"D")))) -> B | AV19: T | AW19: =BV19/BW19 -> #DIV/0!
A20: 19 | B20: Centre de Morbecque | C20: Hauts de France | D20: Camp de regroupement | E20: Croque vacances | F20: 43309 | G20: 43315 | H20: 0 | I20: 0 | J20: 20 | K20: 3 | L20: 20 | M20: 3 | N20: 0 | O20: 0 | P20: 0 | Q20: 0 | R20: =H20+J20+L20+N20+P20 -> 40 | S20: =I20+K20+M20+O20+Q20 -> 6 | T20: =S20/R20 -> 0.15 | U20: =R20+S20 -> 46 | AF20: Camp fixe sous tente avec appui en dur | AG20: Morbecque | AJ20: 59416 | AK20: CPN | AL20: LATRECH Rachel | AM20: latrech.rachel@gmail.com | AN20: 769355118 | AO20: HELEVAUT Cathy | AP20: 07/08 | AQ20: 59 | AR20: Hauts de france | AS20: C | AT20: =IF(D20="Camp d'unité Ainés","CUA",IF(D20="camp d'unité éclés","CUE",IF(D20="Camp d'unité louveteaux","CULO",IF(D20="Camp d'unité lutins","CULI",IF(D20="Camp de groupe","CG",IF(D20="Camp régional","CR",IF(D20="Camp de regroupement","CGG",IF(D20="Camp de regroupement d'unité Ainés","CRGUA",IF(D20="Camp de regroupement d'unité éclés","CRGUE",IF(D20="Camp de regroupement d'unité louveteaux","CRGULO",IF(D20="Camp de regroupement d'unité lutins","CRGULI",IF(D20="Camp inter groupe","CIG",IF(D20="Séjours adaptés mineurs","SAM",IF(D20="Séjours adaptés adultes","SAA",IF(D20="Séjours ouverts","SOU",IF(D20="Camp régional ouvert","RO")))))))))))))))) -> CGG | AU20: =IF(R20<=20,"A",IF(AND(R20>=21,R20<=50),"B",IF(AND(R20>=51,R20<=80),"C",IF(R20>80,"D")))) -> B | AV20: T | AW20: =BV20/BW20 -> #DIV/0!
A21: 20 | B21: Loon Plage | C21: Hauts de France | D21: Camp de groupe | F21: 43290 | G21: 43308 | H21: 10 | I21: 2 | J21: 25 | K21: 5 | L21: 10 | M21: 2 | N21: 8 | O21: 1 | P21: 5 | Q21: 15 | R21: =H21+J21+L21+N21+P21 -> 58 | S21: =I21+K21+M21+O21+Q21 -> 25 | T21: =S21/R21 -> 0.43103448 | U21: =R21+S21 -> 83 | V21: 10 | W21: 2 | X21: 1 | Y21: 2 | AB21: 2 | AD21: 5 | AE21: 7 | AF21: Camp fixe sous tente avec appui en dur | AG21: Aragnouet | AJ21: 65017 | AK21: CPNB | AL21: HOGARD Christian | AM21: ch-hogard@hotmail.com | AN21: 603972759 | AO21: HOGART Christian | AP21: 07 | AQ21: 65 | AR21: Midi Pyrénées | AS21: G | AT21: =IF(D21="Camp d'unité Ainés","CUA",IF(D21="camp d'unité éclés","CUE",IF(D21="Camp d'unité louveteaux","CULO",IF(D21="Camp d'unité lutins","CULI",IF(D21="Camp de groupe","CG",IF(D21="Camp régional","CR",IF(D21="Camp de regroupement","CGG",IF(D21="Camp de regroupement d'unité Ainés","CRGUA",IF(D21="Camp de regroupement d'unité éclés","CRGUE",IF(D21="Camp de regroupement d'unité louveteaux","CRGULO",IF(D21="Camp de regroupement d'unité lutins","CRGULI",IF(D21="Camp inter groupe","CIG",IF(D21="Séjours adaptés mineurs","SAM",IF(D21="Séjours adaptés adultes","SAA",IF(D21="Séjours ouverts","SOU",IF(D21="Camp régional ouvert","RO")))))))))))))))) -> CG | AU21: =IF(R21<=20,"A",IF(AND(R21>=21,R21<=50),"B",IF(AND(R21>=51,R21<=80),"C",IF(R21>80,"D")))) -> C | AV21: T | AW21: =BV21/BW21 -> #DIV/0!
A22: 21 | B22: Centre de Morbecque | C22: Hauts de France | D22: Camp de regroupement | E22: Croque vacances | F22: 43331 | G22: 43343 | H22: 0 | I22: 0 | J22: 20 | K22: 3 | L22: 20 | M22: 3 | N22: 20 | O22: 3 | P22: 0 | Q22: 0 | R22: =H22+J22+L22+N22+P22 -> 60 | S22: =I22+K22+M22+O22+Q22 -> 9 | T22: =S22/R22 -> 0.15 | U22: =R22+S22 -> 69 | AF22: Camp fixe sous tente avec appui en dur | AG22: Morbecque | AJ22: 59416 | AK22: CPN | AL22: LATRECH Rachel | AM22: latrech.rachel@gmail.com | AN22: 769355118 | AO22: HELEVAUT Cathy | AP22: 08 | AQ22: 59 | AR22: Hauts de france | AS22: C | AT22: =IF(D22="Camp d'unité Ainés","CUA",IF(D22="camp d'unité éclés","CUE",IF(D22="Camp d'unité louveteaux","CULO",IF(D22="Camp d'unité lutins","CULI",IF(D22="Camp de groupe","CG",IF(D22="Camp régional","CR",IF(D22="Camp de regroupement","CGG",IF(D22="Camp de regroupement d'unité Ainés","CRGUA",IF(D22="Camp de regroupement d'unité éclés","CRGUE",IF(D22="Camp de regroupement d'unité louveteaux","CRGULO",IF(D22="Camp de regroupement d'unité lutins","CRGULI",IF(D22="Camp inter groupe","CIG",IF(D22="Séjours adaptés mineurs","SAM",IF(D22="Séjours adaptés adultes","SAA",IF(D22="Séjours ouverts","SOU",IF(D22="Camp régional ouvert","RO")))))))))))))))) -> CGG | AU22: =IF(R22<=20,"A",IF(AND(R22>=21,R22<=50),"B",IF(AND(R22>=51,R22<=80),"C",IF(R22>80,"D")))) -> C | AV22: T | AW22: =BV22/BW22 -> #DIV/0!
A23: 22 | B23: Loon Plage | C23: Hauts de France | D23: Camp de groupe | F23: 43317 | G23: 43338 | H23: 8 | I23: 2 | J23: 50 | K23: 10 | L23: 80 | M23: 12 | N23: 60 | O23: 8 | P23: 15 | Q23: 55 | R23: =H23+J23+L23+N23+P23 -> 213 | S23: =I23+K23+M23+O23+Q23 -> 87 | T23: =S23/R23 -> 0.4084507 | U23: =R23+S23 -> 300 | V23: 8 | W23: 2 | X23: -30 | Y23: 10 | Z23: -90 | AA23: 12 | AB23: 60 | AC23: 8 | AD23: 15 | AE23: -25 | AF23: Camp fixe sous tente avec appui en dur | AG23: Gravelines | AJ23: Ferme Doulet Ville de Gravelines rue C. Leurette 59820 GRAVELINES | AK23: FERME | AL23: HOGARD Christian | AM23: ch-hogard@hotmail.com | AN23: 603972759 | AO23: HOGART Christian | AP23: 08 | AQ23: 59 | AR23: Hauts de france | AS23: G | AT23: =IF(D23="Camp d'unité Ainés","CUA",IF(D23="camp d'unité éclés","CUE",IF(D23="Camp d'unité louveteaux","CULO",IF(D23="Camp d'unité lutins","CULI",IF(D23="Camp de groupe","CG",IF(D23="Camp régional","CR",IF(D23="Camp de regroupement","CGG",IF(D23="Camp de regroupement d'unité Ainés","CRGUA",IF(D23="Camp de regroupement d'unité éclés","CRGUE",IF(D23="Camp de regroupement d'unité louveteaux","CRGULO",IF(D23="Camp de regroupement d'unité lutins","CRGULI",IF(D23="Camp inter groupe","CIG",IF(D23="Séjours adaptés mineurs","SAM",IF(D23="Séjours adaptés adultes","SAA",IF(D23="Séjours ouverts","SOU",IF(D23="Camp régional ouvert","RO")))))))))))))))) -> CG | AU23: =IF(R23<=20,"A",IF(AND(R23>=21,R23<=50),"B",IF(AND(R23>=51,R23<=80),"C",IF(R23>80,"D")))) -> D | AV23: T | AW23: =BV23/BW23 -> #DIV/0!
A24: 23 | B24: Lambersart | C24: Hauts de France | D24: Camp de groupe | F24: 43317 | G24: 43338 | H24: 14 | I24: 6 | J24: 18 | K24: 5 | L24: 18 | M24: 5 | N24: 3 | O24: 0 | P24: 0 | Q24: 7 | R24: =H24+J24+L24+N24+P24 -> 53 | S24: =I24+K24+M24+O24+Q24 -> 23 | T24: =S24/R24 -> 0.43396226 | U24: =R24+S24 -> 76 | V24: -1 | W24: 2 | X24: -2 | Y24: 1 | Z24: -2 | AA24: 1 | AB24: -3 | AE24: 1 | AF24: Camp fixe sous tente sans appui en dur | AG24: Mialet | AJ24: Jacqueline Verdailhan et M JC Bruhamer la Rouquette 30140 MIALET | AK24: EXT | AL24: FOUACHE Christophe | AM24: christophe-fouache@orange.fr | AN24: 621180044 | AO24: FOUACHE Christophe | AP24: 08 | AQ24: 30 | AR24: Languedoc Roussillon | AS24: G | AT24: =IF(D24="Camp d'unité Ainés","CUA",IF(D24="camp d'unité éclés","CUE",IF(D24="Camp d'unité louveteaux","CULO",IF(D24="Camp d'unité lutins","CULI",IF(D24="Camp de groupe","CG",IF(D24="Camp régional","CR",IF(D24="Camp de regroupement","CGG",IF(D24="Camp de regroupement d'unité Ainés","CRGUA",IF(D24="Camp de regroupement d'unité éclés","CRGUE",IF(D24="Camp de regroupement d'unité louveteaux","CRGULO",IF(D24="Camp de regroupement d'unité lutins","CRGULI",IF(D24="Camp inter groupe","CIG",IF(D24="Séjours adaptés mineurs","SAM",IF(D24="Séjours adaptés adultes","SAA",IF(D24="Séjours ouverts","SOU",IF(D24="Camp régional ouvert","RO")))))))))))))))) -> CG | AU24: =IF(R24<=20,"A",IF(AND(R24>=21,R24<=50),"B",IF(AND(R24>=51,R24<=80),"C",IF(R24>80,"D")))) -> C | AV24: T | AW24: =BV24/BW24 -> #DIV/0!
A25: 24 | B25: Bègles | C25: Nouvelle Aquitaine | D25: Camp d'unité louveteaux | F25: 43290 | G25: 43308 | H25: 0 | I25: 0 | J25: 29 | K25: 4 | L25: 0 | M25: 0 | N25: 0 | O25: 0 | P25: 0 | Q25: 4 | R25: =H25+J25+L25+N25+P25 -> 29 | S25: =I25+K25+M25+O25+Q25 -> 8 | T25: =S25/R25 -> 0.27586207 | U25: =R25+S25 -> 37 | X25: 11 | AE25: 2 | AF25: Camp fixe sous tente sans appui en dur | AG25: Eygurande et Gardedeuil | AJ25: Camil Lansmarie Bost du Loup 24700 EYGURANDE ET GARDEDEUIL | AK25: EXT | AL25: MILON Philippe | AM25: philippemilon@free.fr | AN25: 610911767 | AO25: MILON Philippe | AP25: 07 | AQ25: 24 | AR25: Nouvelle Aquitaine | AS25: G | AT25: =IF(D25="Camp d'unité Ainés","CUA",IF(D25="camp d'unité éclés","CUE",IF(D25="Camp d'unité louveteaux","CULO",IF(D25="Camp d'unité lutins","CULI",IF(D25="Camp de groupe","CG",IF(D25="Camp régional","CR",IF(D25="Camp de regroupement","CGG",IF(D25="Camp de regroupement d'unité Ainés","CRGUA",IF(D25="Camp de regroupement d'unité éclés","CRGUE",IF(D25="Camp de regroupement d'unité louveteaux","CRGULO",IF(D25="Camp de regroupement d'unité lutins","CRGULI",IF(D25="Camp inter groupe","CIG",IF(D25="Séjours adaptés mineurs","SAM",IF(D25="Séjours adaptés adultes","SAA",IF(D25="Séjours ouverts","SOU",IF(D25="Camp régional ouvert","RO")))))))))))))))) -> CULO | AU25: =IF(R25<=20,"A",IF(AND(R25>=21,R25<=50),"B",IF(AND(R25>=51,R25<=80),"C",IF(R25>80,"D")))) -> B | AV25: T | AW25: =BV25/BW25 -> #DIV/0!
A26: 25 | B26: Talence | C26: Nouvelle Aquitaine | D26: Camp de groupe | F26: 43288 | G26: 43308 | H26: 5 | I26: 1 | J26: 13 | K26: 2 | L26: 17 | M26: 3 | N26: 0 | O26: 0 | P26: 0 | Q26: 1 | R26: =H26+J26+L26+N26+P26 -> 35 | S26: =I26+K26+M26+O26+Q26 -> 7 | T26: =S26/R26 -> 0.2 | U26: =R26+S26 -> 42 | X26: 1 | Z26: 7 | AA26: 1 | AF26: Camp fixe sous tente sans appui en dur | AG26: Les Graulges | AJ26: Morvan Eric Malut 24340 LES GRAULGES | AK26: EXT | AL26: DESBRUNAIS Jean Baptiste | AM26: jean-baptiste.desbrunais@laposte.net | AN26: 672435799 | AO26: DESBRUNAIS Jean Baptiste | AP26: 07 | AQ26: 24 | AR26: Nouvelle Aquitaine | AS26: G | AT26: =IF(D26="Camp d'unité Ainés","CUA",IF(D26="camp d'unité éclés","CUE",IF(D26="Camp d'unité louveteaux","CULO",IF(D26="Camp d'unité lutins","CULI",IF(D26="Camp de groupe","CG",IF(D26="Camp régional","CR",IF(D26="Camp de regroupement","CGG",IF(D26="Camp de regroupement d'unité Ainés","CRGUA",IF(D26="Camp de regroupement d'unité éclés","CRGUE",IF(D26="Camp de regroupement d'unité louveteaux","CRGULO",IF(D26="Camp de regroupement d'unité lutins","CRGULI",IF(D26="Camp inter groupe","CIG",IF(D26="Séjours adaptés mineurs","SAM",IF(D26="Séjours adaptés adultes","SAA",IF(D26="Séjours ouverts","SOU",IF(D26="Camp régional ouvert","RO")))))))))))))))) -> CG | AU26: =IF(R26<=20,"A",IF(AND(R26>=21,R26<=50),"B",IF(AND(R26>=51,R26<=80),"C",IF(R26>80,"D")))) -> B | AV26: T | AW26: =BV26/BW26 -> #DIV/0!
A27: 26 | B27: Bordeaux V | C27: Nouvelle Aquitaine | D27: Camp de groupe | F27: 43288 | G27: 43296 | H27: 12 | I27: 2 | J27: 26 | K27: 4 | L27: 0 | M27: 0 | N27: 0 | O27: 0 | P27: 0 | Q27: 1 | R27: =H27+J27+L27+N27+P27 -> 38 | S27: =I27+K27+M27+O27+Q27 -> 7 | T27: =S27/R27 -> 0.18421053 | U27: =R27+S27 -> 45 | V27: 3 | X27: 4 | Y27: 1 | AF27: Camp fixe sous tente avec appui en dur | AG27: Rauzan | AJ27: 1 lieu dit de Taris Vignoble Goudichaud 33420 RAUZAN | AK27: EXT | AL27: DE LA JOUSSELINIERE Ronan | AM27: rdlj@sfr.fr | AN27: 688767916 | AO27: RUMEAU LARROUTUROU Isabelle | AP27: 07 | AQ27: 33 | AR27: Nouvelle Aquitaine | AS27: G | AT27: =IF(D27="Camp d'unité Ainés","CUA",IF(D27="camp d'unité éclés","CUE",IF(D27="Camp d'unité louveteaux","CULO",IF(D27="Camp d'unité lutins","CULI",IF(D27="Camp de groupe","CG",IF(D27="Camp régional","CR",IF(D27="Camp de regroupement","CGG",IF(D27="Camp de regroupement d'unité Ainés","CRGUA",IF(D27="Camp de regroupement d'unité éclés","CRGUE",IF(D27="Camp de regroupement d'unité louveteaux","CRGULO",IF(D27="Camp de regroupement d'unité lutins","CRGULI",IF(D27="Camp inter groupe","CIG",IF(D27="Séjours adaptés mineurs","SAM",IF(D27="Séjours adaptés adultes","SAA",IF(D27="Séjours ouverts","SOU",IF(D27="Camp régional ouvert","RO")))))))))))))))) -> CG | AU27: =IF(R27<=20,"A",IF(AND(R27>=21,R27<=50),"B",IF(AND(R27>=51,R27<=80),"C",IF(R27>80,"D")))) -> B | AV27: T | AW27: =BV27/BW27 -> #DIV/0!
A28: 27 | B28: Limoges | C28: Nouvelle Aquitaine | D28: Camp de regroupement | E28: Paris Nord Périgueux Muret Chelles | F28: 43290 | G28: 43308 | H28: 14 | I28: 5 | J28: 23 | K28: 9 | L28: 38 | M28: 9 | N28: 0 | O28: 0 | P28: 0 | Q28: 3 | R28: =H28+J28+L28+N28+P28 -> 75 | S28: =I28+K28+M28+O28+Q28 -> 26 | T28: =S28/R28 -> 0.34666667 | U28: =R28+S28 -> 101 | V28: -6 | W28: -2 | X28: -2 | Z28: 23 | AE28: 3 | AF28: Camp fixe sous tente avec appui en dur | AG28: Le Bugue | AJ28: 24183 | AK28: CENTRE | AL28: BLANCHER Nathan | AM28: pro.nathan.blancher@gmail.com | AN28: 632213905 | AO28: ALAIS François | AP28: 07 | AQ28: 24 | AR28: Nouvelle Aquitaine | AS28: G | AT28: =IF(D28="Camp d'unité Ainés","CUA",IF(D28="camp d'unité éclés","CUE",IF(D28="Camp d'unité louveteaux","CULO",IF(D28="Camp d'unité lutins","CULI",IF(D28="Camp de groupe","CG",IF(D28="Camp régional","CR",IF(D28="Camp de regroupement","CGG",IF(D28="Camp de regroupement d'unité Ainés","CRGUA",IF(D28="Camp de regroupement d'unité éclés","CRGUE",IF(D28="Camp de regroupement d'unité louveteaux","CRGULO",IF(D28="Camp de regroupement d'unité lutins","CRGULI",IF(D28="Camp inter groupe","CIG",IF(D28="Séjours adaptés mineurs","SAM",IF(D28="Séjours adaptés adultes","SAA",IF(D28="Séjours ouverts","SOU",IF(D28="Camp régional ouvert","RO")))))))))))))))) -> CGG | AU28: =IF(R28<=20,"A",IF(AND(R28>=21,R28<=50),"B",IF(AND(R28>=51,R28<=80),"C",IF(R28>80,"D")))) -> C | AV28: T | AW28: =BV28/BW28 -> #DIV/0!
A29: 28 | B29: Mérignac | C29: Nouvelle Aquitaine | D29: Camp de regroupement | E29: Pau Tarbes | F29: 43289 | G29: 43311 | H29: 0 | I29: 0 | J29: 17 | K29: 5 | L29: 0 | M29: 0 | N29: 5 | O29: 1 | P29: 0 | Q29: 1 | R29: =H29+J29+L29+N29+P29 -> 22 | S29: =I29+K29+M29+O29+Q29 -> 7 | T29: =S29/R29 -> 0.31818182 | U29: =R29+S29 -> 29 | X29: -8 | Y29: -1 | AB29: -1 | AE29: 1 | AF29: Camp fixe sous tente avec appui en dur | AG29: Jacou | AJ29: Scoutisme Français Domaine de Viviers 34830 JACOU | AK29: EXT | AL29: DASSONVILLE Tanguy | AM29: eedfmerignac@gmail.com | AN29: 646402237 | AO29: GARDILLOU Claire | AP29: 07 | AQ29: 34 | AR29: Languedoc Roussillon | AS29: G | AT29: =IF(D29="Camp d'unité Ainés","CUA",IF(D29="camp d'unité éclés","CUE",IF(D29="Camp d'unité louveteaux","CULO",IF(D29="Camp d'unité lutins","CULI",IF(D29="Camp de groupe","CG",IF(D29="Camp régional","CR",IF(D29="Camp de regroupement","CGG",IF(D29="Camp de regroupement d'unité Ainés","CRGUA",IF(D29="Camp de regroupement d'unité éclés","CRGUE",IF(D29="Camp de regroupement d'unité louveteaux","CRGULO",IF(D29="Camp de regroupement d'unité lutins","CRGULI",IF(D29="Camp inter groupe","CIG",IF(D29="Séjours adaptés mineurs","SAM",IF(D29="Séjours adaptés adultes","SAA",IF(D29="Séjours ouverts","SOU",IF(D29="Camp régional ouvert","RO")))))))))))))))) -> CGG | AU29: =IF(R29<=20,"A",IF(AND(R29>=21,R29<=50),"B",IF(AND(R29>=51,R29<=80),"C",IF(R29>80,"D")))) -> B | AV29: T | AW29: =BV29/BW29 -> #DIV/0!
A30: 29 | B30: Bègles | C30: Nouvelle Aquitaine | D30: Camp d'unité éclés | F30: 43304 | G30: 43308 | H30: 0 | I30: 0 | J30: 0 | K30: 0 | L30: 13 | M30: 3 | N30: 0 | O30: 0 | P30: 0 | Q30: 0 | R30: =H30+J30+L30+N30+P30 -> 13 | S30: =I30+K30+M30+O30+Q30 -> 3 | T30: =S30/R30 -> 0.23076923 | U30: =R30+S30 -> 16 | Z30: -3 | AF30: Itinérant | AJ30: Itinérants | AK30: ITINERANT | AL30: ROUSSELET Léa | AM30: lea@rfpa.com | AN30: 648141084 | AO30: MILON Philippe | AP30: 07 | AS30: G | AT30: =IF(D30="Camp d'unité Ainés","CUA",IF(D30="camp d'unité éclés","CUE",IF(D30="Camp d'unité louveteaux","CULO",IF(D30="Camp d'unité lutins","CULI",IF(D30="Camp de groupe","CG",IF(D30="Camp régional","CR",IF(D30="Camp de regroupement","CGG",IF(D30="Camp de regroupement d'unité Ainés","CRGUA",IF(D30="Camp de regroupement d'unité éclés","CRGUE",IF(D30="Camp de regroupement d'unité louveteaux","CRGULO",IF(D30="Camp de regroupement d'unité lutins","CRGULI",IF(D30="Camp inter groupe","CIG",IF(D30="Séjours adaptés mineurs","SAM",IF(D30="Séjours adaptés adultes","SAA",IF(D30="Séjours ouverts","SOU",IF(D30="Camp régional ouvert","RO")))))))))))))))) -> CUE | AU30: =IF(R30<=20,"A",IF(AND(R30>=21,R30<=50),"B",IF(AND(R30>=51,R30<=80),"C",IF(R30>80,"D")))) -> A | AV30: T | AW30: =BV30/BW30 -> #DIV/0!
A31: 30 | B31: Entre deux Mer | C31: Nouvelle Aquitaine | D31: Camp de groupe | F31: 43290 | G31: 43303 | H31: 18 | I31: 4 | J31: 16 | K31: 4 | L31: 0 | M31: 0 | N31: 0 | O31: 0 | P31: 0 | Q31: 5 | R31: =H31+J31+L31+N31+P31 -> 34 | S31: =I31+K31+M31+O31+Q31 -> 13 | T31: =S31/R31 -> 0.38235294 | U31: =R31+S31 -> 47 | V31: -2 | W31: 1 | X31: -4 | Y31: 1 | AE31: 5 | AF31: Camp fixe sous tente sans appui en dur | AG31: St Christophec de Double | AJ31: 26 lieu dit Chaux 33230 SAINT CHRISTOPHE DE DOUBLE | AK31: EXT | AL31: LUKOVIC Snéjana | AM31: snejana.lukovic@gmail.com | AN31: 663257305 | AO31: BONNEAU Charley Mathilde | AP31: 07 | AQ31: 33 | AR31: Nouvelle Aquitaine | AS31: G | AT31: =IF(D31="Camp d'unité Ainés","CUA",IF(D31="camp d'unité éclés","CUE",IF(D31="Camp d'unité louveteaux","CULO",IF(D31="Camp d'unité lutins","CULI",IF(D31="Camp de groupe","CG",IF(D31="Camp régional","CR",IF(D31="Camp de regroupement","CGG",IF(D31="Camp de regroupement d'unité Ainés","CRGUA",IF(D31="Camp de regroupement d'unité éclés","CRGUE",IF(D31="Camp de regroupement d'unité louveteaux","CRGULO",IF(D31="Camp de regroupement d'unité lutins","CRGULI",IF(D31="Camp inter groupe","CIG",IF(D31="Séjours adaptés mineurs","SAM",IF(D31="Séjours adaptés adultes","SAA",IF(D31="Séjours ouverts","SOU",IF(D31="Camp régional ouvert","RO")))))))))))))))) -> CG | AU31: =IF(R31<=20,"A",IF(AND(R31>=21,R31<=50),"B",IF(AND(R31>=51,R31<=80),"C",IF(R31>80,"D")))) -> B | AV31: T | AW31: =BV31/BW31 -> #DIV/0!
A32: 31 | B32: Pessac Cestas | C32: Nouvelle Aquitaine | D32: Camp de groupe | F32: 43291 | G32: 43312 | H32: 4 | I32: 1 | J32: 20 | K32: 3 | L32: 26 | M32: 3 | N32: 11 | O32: 1 | P32: 0 | Q32: 6 | R32: =H32+J32+L32+N32+P32 -> 61 | S32: =I32+K32+M32+O32+Q32 -> 14 | T32: =S32/R32 -> 0.2295082 | U32: =R32+S32 -> 75 | AA32: -1 | AF32: Itinérant | AH32: Italie | AJ32: Domaie Forestier de Randello à RAGUSA | AK32: ETRANGER | AL32: POLONI Alexandre | AM32: polonialexandre@yahoo.fr | AN32: 658581265 | AO32: POLONI Claudine | AP32: 07 | AS32: G | AT32: =IF(D32="Camp d'unité Ainés","CUA",IF(D32="camp d'unité éclés","CUE",IF(D32="Camp d'unité louveteaux","CULO",IF(D32="Camp d'unité lutins","CULI",IF(D32="Camp de groupe","CG",IF(D32="Camp régional","CR",IF(D32="Camp de regroupement","CGG",IF(D32="Camp de regroupement d'unité Ainés","CRGUA",IF(D32="Camp de regroupement d'unité éclés","CRGUE",IF(D32="Camp de regroupement d'unité louveteaux","CRGULO",IF(D32="Camp de regroupement d'unité lutins","CRGULI",IF(D32="Camp inter groupe","CIG",IF(D32="Séjours adaptés mineurs","SAM",IF(D32="Séjours adaptés adultes","SAA",IF(D32="Séjours ouverts","SOU",IF(D32="Camp régional ouvert","RO")))))))))))))))) -> CG | AU32: =IF(R32<=20,"A",IF(AND(R32>=21,R32<=50),"B",IF(AND(R32>=51,R32<=80),"C",IF(R32>80,"D")))) -> C | AV32: T | AW32: =BV32/BW32 -> #DIV/0!
A33: 32 | B33: Montredon Labessonnié | C33: Midi Pyrénées | D33: Camp d'unité éclés | F33: 43325 | G33: 43338 | H33: 0 | I33: 0 | J33: 0 | K33: 0 | L33: 9 | M33: 1 | N33: 0 | O33: 0 | P33: 0 | Q33: 0 | R33: =H33+J33+L33+N33+P33 -> 9 | S33: =I33+K33+M33+O33+Q33 -> 1 | T33: =S33/R33 -> 0.11111111 | U33: =R33+S33 -> 10 | Z33: 1 | AA33: -3 | AF33: Camp fixe sous tente avec appui en dur | AH33: Italie | AJ33: Association Légambienté Paestum, Pasquale Longo Legambienté Paestum Via Magna Graecia - Torre 27 (area archeologica) 84047 Capaccio Paestum | AK33: ETRANGER | AL33: MARQUES Mélanie | AM33: melanie.marques81@laposte.net | AN33: 633393908 | AO33: DUZES Christelle | AP33: 08 | AS33: G | AT33: =IF(D33="Camp d'unité Ainés","CUA",IF(D33="camp d'unité éclés","CUE",IF(D33="Camp d'unité louveteaux","CULO",IF(D33="Camp d'unité lutins","CULI",IF(D33="Camp de groupe","CG",IF(D33="Camp régional","CR",IF(D33="Camp de regroupement","CGG",IF(D33="Camp de regroupement d'unité Ainés","CRGUA",IF(D33="Camp de regroupement d'unité éclés","CRGUE",IF(D33="Camp de regroupement d'unité louveteaux","CRGULO",IF(D33="Camp de regroupement d'unité lutins","CRGULI",IF(D33="Camp inter groupe","CIG",IF(D33="Séjours adaptés mineurs","SAM",IF(D33="Séjours adaptés adultes","SAA",IF(D33="Séjours ouverts","SOU",IF(D33="Camp régional ouvert","RO")))))))))))))))) -> CUE | AU33: =IF(R33<=20,"A",IF(AND(R33>=21,R33<=50),"B",IF(AND(R33>=51,R33<=80),"C",IF(R33>80,"D")))) -> A | AV33: T | AW33: =BV33/BW33 -> #DIV/0!
A34: 33 | B34: Bordeaux V | C34: Nouvelle Aquitaine | D34: Camp d'unité éclés | F34: 43290 | G34: 43308 | H34: 0 | I34: 0 | J34: 0 | K34: 0 | L34: 29 | M34: 2 | N34: 0 | O34: 0 | P34: 0 | Q34: 0 | R34: =H34+J34+L34+N34+P34 -> 29 | S34: =I34+K34+M34+O34+Q34 -> 2 | T34: =S34/R34 -> 0.068965517 | U34: =R34+S34 -> 31 | Z34: -1 | AA34: -2 | AF34: Camp fixe sous tente avec appui en dur | AH34: Italie | AJ34: CNGEI SEDE Centrale Viale Di Val Fioita BRR0144 ROMA | AK34: ETRANGER | AL34: RUMEAU LARROUTUROU Isabelle | AM34: otarie.epervier@orange.fr | AN34: 670867791 | AO34: RUMEAU LARROUTUROU Isabelle | AP34: 07 | AS34: G | AT34: =IF(D34="Camp d'unité Ainés","CUA",IF(D34="camp d'unité éclés","CUE",IF(D34="Camp d'unité louveteaux","CULO",IF(D34="Camp d'unité lutins","CULI",IF(D34="Camp de groupe","CG",IF(D34="Camp régional","CR",IF(D34="Camp de regroupement","CGG",IF(D34="Camp de regroupement d'unité Ainés","CRGUA",IF(D34="Camp de regroupement d'unité éclés","CRGUE",IF(D34="Camp de regroupement d'unité louveteaux","CRGULO",IF(D34="Camp de regroupement d'unité lutins","CRGULI",IF(D34="Camp inter groupe","CIG",IF(D34="Séjours adaptés mineurs","SAM",IF(D34="Séjours adaptés adultes","SAA",IF(D34="Séjours ouverts","SOU",IF(D34="Camp régional ouvert","RO")))))))))))))))) -> CUE | AU34: =IF(R34<=20,"A",IF(AND(R34>=21,R34<=50),"B",IF(AND(R34>=51,R34<=80),"C",IF(R34>80,"D")))) -> B | AV34: T | AW34: =BV34/BW34 -> #DIV/0!
A35: 34 | B35: Pau | C35: Nouvelle Aquitaine | D35: Camp d'unité Ainés | F35: 43306 | G35: 43327 | H35: 0 | I35: 0 | J35: 0 | K35: 0 | L35: 0 | M35: 0 | N35: 5 | O35: 2 | P35: 0 | Q35: 0 | R35: =H35+J35+L35+N35+P35 -> 5 | S35: =I35+K35+M35+O35+Q35 -> 2 | T35: =S35/R35 -> 0.4 | U35: =R35+S35 -> 7 | AB35: -1 | AF35: Itinérant | AH35: Serbie Croatie | AJ35: Serbian Scout Jamborée à Ada Ciganlija près de Belgrade du 27/07/2018 au 5/08/2018 puis en Croatie | AK35: ETRANGER | AL35: CHAMPIER Daniel | AM35: daniel.champier@univ-pau.fr | AN35: 628051985 | AO35: LASPLACES Claire | AP35: 07/08 | AS35: G | AT35: =IF(D35="Camp d'unité Ainés","CUA",IF(D35="camp d'unité éclés","CUE",IF(D35="Camp d'unité louveteaux","CULO",IF(D35="Camp d'unité lutins","CULI",IF(D35="Camp de groupe","CG",IF(D35="Camp régional","CR",IF(D35="Camp de regroupement","CGG",IF(D35="Camp de regroupement d'unité Ainés","CRGUA",IF(D35="Camp de regroupement d'unité éclés","CRGUE",IF(D35="Camp de regroupement d'unité louveteaux","CRGULO",IF(D35="Camp de regroupement d'unité lutins","CRGULI",IF(D35="Camp inter groupe","CIG",IF(D35="Séjours adaptés mineurs","SAM",IF(D35="Séjours adaptés adultes","SAA",IF(D35="Séjours ouverts","SOU",IF(D35="Camp régional ouvert","RO")))))))))))))))) -> CUA | AU35: =IF(R35<=20,"A",IF(AND(R35>=21,R35<=50),"B",IF(AND(R35>=51,R35<=80),"C",IF(R35>80,"D")))) -> A | AV35: T | AW35: =BV35/BW35 -> #DIV/0!
A36: 35 | B36: Sud Cevennes | C36: Languedoc Roussillon | D36: Camp de groupe | F36: 43290 | G36: 43307 | H36: 1 | I36: 0 | J36: 7 | K36: 2 | L36: 16 | M36: 2 | N36: 0 | O36: 0 | P36: 0 | Q36: 2 | R36: =H36+J36+L36+N36+P36 -> 24 | S36: =I36+K36+M36+O36+Q36 -> 6 | T36: =S36/R36 -> 0.25 | U36: =R36+S36 -> 30 | V36: 1 | W36: 0 | X36: -3 | Y36: -1 | Z36: 1 | AA36: 0 | AB36: 0 | AC36: 0 | AD36: 0 | AF36: Camp fixe sous tente sans appui en dur | AG36: Conqueyrac | AJ36: Accueil Montfortain la Gardiolle 30170 CONQUEYRAC | AK36: EXT | AL36: BORDESSOULLES Alain | AM36: alainsud7.eedf@orange.fr | AN36: 686645267 | AO36: BORDESSOULLES Alain | AP36: 07 | AQ36: 30 | AR36: Languedoc Roussillon | AS36: G | AT36: =IF(D36="Camp d'unité Ainés","CUA",IF(D36="camp d'unité éclés","CUE",IF(D36="Camp d'unité louveteaux","CULO",IF(D36="Camp d'unité lutins","CULI",IF(D36="Camp de groupe","CG",IF(D36="Camp régional","CR",IF(D36="Camp de regroupement","CGG",IF(D36="Camp de regroupement d'unité Ainés","CRGUA",IF(D36="Camp de regroupement d'unité éclés","CRGUE",IF(D36="Camp de regroupement d'unité louveteaux","CRGULO",IF(D36="Camp de regroupement d'unité lutins","CRGULI",IF(D36="Camp inter groupe","CIG",IF(D36="Séjours adaptés mineurs","SAM",IF(D36="Séjours adaptés adultes","SAA",IF(D36="Séjours ouverts","SOU",IF(D36="Camp régional ouvert","RO")))))))))))))))) -> CG | AU36: =IF(R36<=20,"A",IF(AND(R36>=21,R36<=50),"B",IF(AND(R36>=51,R36<=80),"C",IF(R36>80,"D")))) -> B | AV36: T | AW36: =BV36/BW36 -> #DIV/0!
A37: 36 | B37: Golbey | C37: Grand Est | D37: Camp de groupe | F37: 43289 | G37: 43309 | H37: 2 | I37: 1 | J37: 3 | K37: 1 | L37: 5 | M37: 1 | N37: 3 | O37: 1 | P37: 0 | Q37: 0 | R37: =H37+J37+L37+N37+P37 -> 13 | S37: =I37+K37+M37+O37+Q37 -> 4 | T37: =S37/R37 -> 0.30769231 | U37: =R37+S37 -> 17 | Z37: -2 | AE37: -1 | AF37: Camp fixe sous tente avec appui en dur | AG37: Verrières | AJ37: 12131 | AK37: CPNB | AL37: HEURTAUT Mélanie | AM37: mel.heurtaut@gmail.com | AN37: 767944409 | AO37: DURPOIX Alain | AP37: 07 | AQ37: 12 | AR37: Midi Pyrénées | AS37: G | AT37: =IF(D37="Camp d'unité Ainés","CUA",IF(D37="camp d'unité éclés","CUE",IF(D37="Camp d'unité louveteaux","CULO",IF(D37="Camp d'unité lutins","CULI",IF(D37="Camp de groupe","CG",IF(D37="Camp régional","CR",IF(D37="Camp de regroupement","CGG",IF(D37="Camp de regroupement d'unité Ainés","CRGUA",IF(D37="Camp de regroupement d'unité éclés","CRGUE",IF(D37="Camp de regroupement d'unité louveteaux","CRGULO",IF(D37="Camp de regroupement d'unité lutins","CRGULI",IF(D37="Camp inter groupe","CIG",IF(D37="Séjours adaptés mineurs","SAM",IF(D37="Séjours adaptés adultes","SAA",IF(D37="Séjours ouverts","SOU",IF(D37="Camp régional ouvert","RO")))))))))))))))) -> CG | AU37: =IF(R37<=20,"A",IF(AND(R37>=21,R37<=50),"B",IF(AND(R37>=51,R37<=80),"C",IF(R37>80,"D")))) -> A | AV37: T | AW37: =BV37/BW37 -> #DIV/0!
A38: 37 | B38: Marseille II | C38: PAM | D38: Camp de groupe | F38: 43288 | G38: 43309 | H38: 12 | I38: 4 | J38: 18 | K38: 4 | L38: 16 | M38: 4 | N38: 11 | O38: 2 | P38: 0 | Q38: 8 | R38: =H38+J38+L38+N38+P38 -> 57 | S38: =I38+K38+M38+O38+Q38 -> 22 | T38: =S38/R38 -> 0.38596491 | U38: =R38+S38 -> 79 | V38: -3 | X38: -2 | Z38: -5 | AA38: -1 | AB38: -1 | AE38: 2 | AF38: Camp fixe sous tente sans appui en dur | AG38: Montbolo | AJ38: Scouts et guide de france Can et Mire 66110 MONTBOLO | AK38: SGDF | AL38: ORGANNI Florent | AM38: florent.org@hotmail.fr | AN38: 649520510 | AO38: MAUDUIT Jehanne | AP38: 07 | AQ38: 66 | AR38: Languedoc Roussillon | AS38: G | AT38: =IF(D38="Camp d'unité Ainés","CUA",IF(D38="camp d'unité éclés","CUE",IF(D38="Camp d'unité louveteaux","CULO",IF(D38="Camp d'unité lutins","CULI",IF(D38="Camp de groupe","CG",IF(D38="Camp régional","CR",IF(D38="Camp de regroupement","CGG",IF(D38="Camp de regroupement d'unité Ainés","CRGUA",IF(D38="Camp de regroupement d'unité éclés","CRGUE",IF(D38="Camp de regroupement d'unité louveteaux","CRGULO",IF(D38="Camp de regroupement d'unité lutins","CRGULI",IF(D38="Camp inter groupe","CIG",IF(D38="Séjours adaptés mineurs","SAM",IF(D38="Séjours adaptés adultes","SAA",IF(D38="Séjours ouverts","SOU",IF(D38="Camp régional ouvert","RO")))))))))))))))) -> CG | AU38: =IF(R38<=20,"A",IF(AND(R38>=21,R38<=50),"B",IF(AND(R38>=51,R38<=80),"C",IF(R38>80,"D")))) -> C | AV38: T | AW38: =BV38/BW38 -> #DIV/0!
A39: 38 | B39: Montredon Labessonnié | C39: Midi Pyrénées | D39: Camp d'unité éclés | F39: 43313 | G39: 43322 | H39: 0 | I39: 0 | J39: 0 | K39: 0 | L39: 5 | M39: 1 | N39: 2 | O39: 1 | P39: 0 | Q39: 0 | R39: =H39+J39+L39+N39+P39 -> 7 | S39: =I39+K39+M39+O39+Q39 -> 2 | T39: =S39/R39 -> 0.28571429 | U39: =R39+S39 -> 9 | Z39: -3 | AA39: -3 | AB39: 2 | AC39: 1 | AF39: Camp fixe sous tente sans appui en dur | AG39: Itinérant | AJ39: itinérant (12) | AK39: ITINERANT | AL39: MARQUES Mélanie | AM39: melanie.marques81@laposte.net | AN39: 633393908 | AO39: DUZES Christelle | AP39: 08 | AS39: G | AT39: =IF(D39="Camp d'unité Ainés","CUA",IF(D39="camp d'unité éclés","CUE",IF(D39="Camp d'unité louveteaux","CULO",IF(D39="Camp d'unité lutins","CULI",IF(D39="Camp de groupe","CG",IF(D39="Camp régional","CR",IF(D39="Camp de regroupement","CGG",IF(D39="Camp de regroupement d'unité Ainés","CRGUA",IF(D39="Camp de regroupement d'unité éclés","CRGUE",IF(D39="Camp de regroupement d'unité louveteaux","CRGULO",IF(D39="Camp de regroupement d'unité lutins","CRGULI",IF(D39="Camp inter groupe","CIG",IF(D39="Séjours adaptés mineurs","SAM",IF(D39="Séjours adaptés adultes","SAA",IF(D39="Séjours ouverts","SOU",IF(D39="Camp régional ouvert","RO")))))))))))))))) -> CUE | AU39: =IF(R39<=20,"A",IF(AND(R39>=21,R39<=50),"B",IF(AND(R39>=51,R39<=80),"C",IF(R39>80,"D")))) -> A | AV39: T | AW39: =BV39/BW39 -> #DIV/0!
A40: 39 | B40: Castres | C40: Midi Pyrénées | D40: Camp de groupe | F40: 43290 | G40: 43310 | H40: 0 | I40: 0 | J40: 12 | K40: 5 | L40: 39 | M40: 7 | N40: 0 | O40: 0 | P40: 0 | Q40: 0 | R40: =H40+J40+L40+N40+P40 -> 51 | S40: =I40+K40+M40+O40+Q40 -> 12 | T40: =S40/R40 -> 0.23529412 | U40: =R40+S40 -> 63 | X40: -1 | Z40: -1 | AF40: Camp fixe sous tente avec appui en dur | AG40: Viscomtat | AJ40: 63463 | AK40: CPN | AL40: COUTAREL Germain | AM40: germain.coutarel@hotmail.fr | AN40: 678036467 | AO40: PILLARD Christian | AP40: 07 | AQ40: 63 | AR40: Auvergne | AS40: G | AT40: =IF(D40="Camp d'unité Ainés","CUA",IF(D40="camp d'unité éclés","CUE",IF(D40="Camp d'unité louveteaux","CULO",IF(D40="Camp d'unité lutins","CULI",IF(D40="Camp de groupe","CG",IF(D40="Camp régional","CR",IF(D40="Camp de regroupement","CGG",IF(D40="Camp de regroupement d'unité Ainés","CRGUA",IF(D40="Camp de regroupement d'unité éclés","CRGUE",IF(D40="Camp de regroupement d'unité louveteaux","CRGULO",IF(D40="Camp de regroupement d'unité lutins","CRGULI",IF(D40="Camp inter groupe","CIG",IF(D40="Séjours adaptés mineurs","SAM",IF(D40="Séjours adaptés adultes","SAA",IF(D40="Séjours ouverts","SOU",IF(D40="Camp régional ouvert","RO")))))))))))))))) -> CG | AU40: =IF(R40<=20,"A",IF(AND(R40>=21,R40<=50),"B",IF(AND(R40>=51,R40<=80),"C",IF(R40>80,"D")))) -> C | AV40: T | AW40: =BV40/BW40 -> #DIV/0!
A41: 40 | B41: Albi | C41: Midi Pyrénées | D41: Camp d'unité lutins | F41: 43290 | G41: 43296 | H41: 13 | I41: 5 | J41: 0 | K41: 0 | L41: 0 | M41: 0 | N41: 0 | O41: 0 | P41: 0 | Q41: 0 | R41: =H41+J41+L41+N41+P41 -> 13 | S41: =I41+K41+M41+O41+Q41 -> 5 | T41: =S41/R41 -> 0.38461538 | U41: =R41+S41 -> 18 | V41: -7 | AF41: Camp fixe sous tente sans appui en dur | AG41: Najac | AJ41: Thierry Roussel La Rivière 12270 NAJAC | AK41: EXT | AL41: VIALAT Margot | AM41: margot.viala@gmail.com | AN41: 651101926 | AO41: CHAPRON Eliane | AP41: 07 | AQ41: 12 | AR41: Midi Pyrénées | AS41: G | AT41: =IF(D41="Camp d'unité Ainés","CUA",IF(D41="camp d'unité éclés","CUE",IF(D41="Camp d'unité louveteaux","CULO",IF(D41="Camp d'unité lutins","CULI",IF(D41="Camp de groupe","CG",IF(D41="Camp régional","CR",IF(D41="Camp de regroupement","CGG",IF(D41="Camp de regroupement d'unité Ainés","CRGUA",IF(D41="Camp de regroupement d'unité éclés","CRGUE",IF(D41="Camp de regroupement d'unité louveteaux","CRGULO",IF(D41="Camp de regroupement d'unité lutins","CRGULI",IF(D41="Camp inter groupe","CIG",IF(D41="Séjours adaptés mineurs","SAM",IF(D41="Séjours adaptés adultes","SAA",IF(D41="Séjours ouverts","SOU",IF(D41="Camp régional ouvert","RO")))))))))))))))) -> CULI | AU41: =IF(R41<=20,"A",IF(AND(R41>=21,R41<=50),"B",IF(AND(R41>=51,R41<=80),"C",IF(R41>80,"D")))) -> A | AV41: T | AW41: =BV41/BW41 -> #DIV/0!
A42: 41 | B42: Albi | C42: Midi Pyrénées | D42: Camp d'unité éclés | F42: 43288 | G42: 43303 | H42: 0 | I42: 0 | J42: 0 | K42: 0 | L42: 24 | M42: 4 | N42: 0 | O42: 0 | P42: 0 | Q42: 0 | R42: =H42+J42+L42+N42+P42 -> 24 | S42: =I42+K42+M42+O42+Q42 -> 4 | T42: =S42/R42 -> 0.16666667 | U42: =R42+S42 -> 28 | AE42: -1 | AF42: Camp fixe sous tente avec appui en dur | AG42: Najac | AJ42: Thierry Roussel La Rivière 12270 NAJAC | AK42: EXT | AL42: LAGIER Eloan | AM42: eloanlagier@yahoo.fr | AN42: 611661960 | AO42: CHAPRON Eliane | AP42: 07 | AQ42: 12 | AR42: Midi Pyrénées | AS42: G | AT42: =IF(D42="Camp d'unité Ainés","CUA",IF(D42="camp d'unité éclés","CUE",IF(D42="Camp d'unité louveteaux","CULO",IF(D42="Camp d'unité lutins","CULI",IF(D42="Camp de groupe","CG",IF(D42="Camp régional","CR",IF(D42="Camp de regroupement","CGG",IF(D42="Camp de regroupement d'unité Ainés","CRGUA",IF(D42="Camp de regroupement d'unité éclés","CRGUE",IF(D42="Camp de regroupement d'unité louveteaux","CRGULO",IF(D42="Camp de regroupement d'unité lutins","CRGULI",IF(D42="Camp inter groupe","CIG",IF(D42="Séjours adaptés mineurs","SAM",IF(D42="Séjours adaptés adultes","SAA",IF(D42="Séjours ouverts","SOU",IF(D42="Camp régional ouvert","RO")))))))))))))))) -> CUE | AU42: =IF(R42<=20,"A",IF(AND(R42>=21,R42<=50),"B",IF(AND(R42>=51,R42<=80),"C",IF(R42>80,"D")))) -> B | AV42: T | AW42: =BV42/BW42 -> #DIV/0!
A43: 42 | B43: Carmaux | C43: Midi Pyrénées | D43: Camp de regroupement d'unité Ainés | E43: Odyssée | F43: 43304 | G43: 43320 | H43: 0 | I43: 0 | J43: 0 | K43: 0 | L43: 0 | M43: 0 | N43: 15 | O43: 3 | P43: 0 | Q43: 0 | R43: =H43+J43+L43+N43+P43 -> 15 | S43: =I43+K43+M43+O43+Q43 -> 3 | T43: =S43/R43 -> 0.2 | U43: =R43+S43 -> 18 | AF43: Camp fixe sous tente sans appui en dur | AH43: Irlande | AJ43: Association Irlandaise de Scoutisme Scouting Stabauy Hall Comt D5 Ladis Treland Clifdon Camping Shanamsever IRLANDE | AK43: ETRANGER | AL43: GALAN Elisabeth | AM43: galang@wanadoo.fr | AN43: 789699112 | AO43: GALAN Elisabeth | AP43: 07/08 | AS43: G | AT43: =IF(D43="Camp d'unité Ainés","CUA",IF(D43="camp d'unité éclés","CUE",IF(D43="Camp d'unité louveteaux","CULO",IF(D43="Camp d'unité lutins","CULI",IF(D43="Camp de groupe","CG",IF(D43="Camp régional","CR",IF(D43="Camp de regroupement","CGG",IF(D43="Camp de regroupement d'unité Ainés","CRGUA",IF(D43="Camp de regroupement d'unité éclés","CRGUE",IF(D43="Camp de regroupement d'unité louveteaux","CRGULO",IF(D43="Camp de regroupement d'unité lutins","CRGULI",IF(D43="Camp inter groupe","CIG",IF(D43="Séjours adaptés mineurs","SAM",IF(D43="Séjours adaptés adultes","SAA",IF(D43="Séjours ouverts","SOU",IF(D43="Camp régional ouvert","RO")))))))))))))))) -> CRGUA | AU43: =IF(R43<=20,"A",IF(AND(R43>=21,R43<=50),"B",IF(AND(R43>=51,R43<=80),"C",IF(R43>80,"D")))) -> A | AV43: T | AW43: =BV43/BW43 -> #DIV/0!
A44: 43 | B44: Carmaux | C44: Midi Pyrénées | D44: Camp d'unité lutins | F44: 43289 | G44: 43299 | H44: 6 | I44: 2 | J44: 0 | K44: 0 | L44: 0 | M44: 0 | N44: 0 | O44: 0 | P44: 0 | Q44: 0 | R44: =H44+J44+L44+N44+P44 -> 6 | S44: =I44+K44+M44+O44+Q44 -> 2 | T44: =S44/R44 -> 0.33333333 | U44: =R44+S44 -> 8 | V44: -14 | W44: -1 | AF44: Camp fixe sous tente avec appui en dur | AG44: Verrières | AJ44: 12131 | AK44: CPNB | AL44: BRAULT Elise | AM44: elisebrault@gmail.com | AN44: 631731631 | AO44: GALAN Elisabeth | AP44: 07 | AQ44: 12 | AR44: Midi Pyrénées | AS44: G | AT44: =IF(D44="Camp d'unité Ainés","CUA",IF(D44="camp d'unité éclés","CUE",IF(D44="Camp d'unité louveteaux","CULO",IF(D44="Camp d'unité lutins","CULI",IF(D44="Camp de groupe","CG",IF(D44="Camp régional","CR",IF(D44="Camp de regroupement","CGG",IF(D44="Camp de regroupement d'unité Ainés","CRGUA",IF(D44="Camp de regroupement d'unité éclés","CRGUE",IF(D44="Camp de regroupement d'unité louveteaux","CRGULO",IF(D44="Camp de regroupement d'unité lutins","CRGULI",IF(D44="Camp inter groupe","CIG",IF(D44="Séjours adaptés mineurs","SAM",IF(D44="Séjours adaptés adultes","SAA",IF(D44="Séjours ouverts","SOU",IF(D44="Camp régional ouvert","RO")))))))))))))))) -> CULI | AU44: =IF(R44<=20,"A",IF(AND(R44>=21,R44<=50),"B",IF(AND(R44>=51,R44<=80),"C",IF(R44>80,"D")))) -> A | AV44: T | AW44: =BV44/BW44 -> #DIV/0!
A45: 44 | B45: Carmaux | C45: Midi Pyrénées | D45: Camp de groupe | F45: 43289 | G45: 43303 | H45: 0 | I45: 0 | J45: 15 | K45: 4 | L45: 29 | M45: 7 | N45: 0 | O45: 0 | P45: 0 | Q45: 3 | R45: =H45+J45+L45+N45+P45 -> 44 | S45: =I45+K45+M45+O45+Q45 -> 14 | T45: =S45/R45 -> 0.31818182 | U45: =R45+S45 -> 58 | X45: -10 | Y45: -1 | Z45: 9 | AA45: 2 | AE45: 1 | AF45: Camp fixe sous tente avec appui en dur | AG45: Verrières | AJ45: 12131 | AK45: CPNB | AL45: DANGOUMAU Laura | AM45: laura.dangoumau@wanadoo.fr | AN45: 684477600 | AO45: DANGOUMAU Laura | AP45: 07 | AQ45: 12 | AR45: Midi Pyrénées | AS45: G | AT45: =IF(D45="Camp d'unité Ainés","CUA",IF(D45="camp d'unité éclés","CUE",IF(D45="Camp d'unité louveteaux","CULO",IF(D45="Camp d'unité lutins","CULI",IF(D45="Camp de groupe","CG",IF(D45="Camp régional","CR",IF(D45="Camp de regroupement","CGG",IF(D45="Camp de regroupement d'unité Ainés","CRGUA",IF(D45="Camp de regroupement d'unité éclés","CRGUE",IF(D45="Camp de regroupement d'unité louveteaux","CRGULO",IF(D45="Camp de regroupement d'unité lutins","CRGULI",IF(D45="Camp inter groupe","CIG",IF(D45="Séjours adaptés mineurs","SAM",IF(D45="Séjours adaptés adultes","SAA",IF(D45="Séjours ouverts","SOU",IF(D45="Camp régional ouvert","RO")))))))))))))))) -> CG | AU45: =IF(R45<=20,"A",IF(AND(R45>=21,R45<=50),"B",IF(AND(R45>=51,R45<=80),"C",IF(R45>80,"D")))) -> B | AV45: T | AW45: =BV45/BW45 -> #DIV/0!
A46: 45 | B46: Albi | C46: Midi Pyrénées | D46: Camp d'unité louveteaux | F46: 43290 | G46: 43303 | H46: 0 | I46: 0 | J46: 14 | K46: 5 | L46: 0 | M46: 0 | N46: 0 | O46: 0 | P46: 0 | Q46: 0 | R46: =H46+J46+L46+N46+P46 -> 14 | S46: =I46+K46+M46+O46+Q46 -> 5 | T46: =S46/R46 -> 0.35714286 | U46: =R46+S46 -> 19 | X46: -4 | AE46: -1 | AF46: Camp fixe sous tente avec appui en dur | AG46: Najac | AJ46: Thierry Roussel La Rivière 12270 NAJAC | AK46: EXT | AL46: LAVIE Rénold | AM46: renold.lavie@outlook.com | AN46: 604042466 | AO46: CHAPRON Eliane | AP46: 07 | AQ46: 12 | AR46: Midi Pyrénées | AS46: G | AT46: =IF(D46="Camp d'unité Ainés","CUA",IF(D46="camp d'unité éclés","CUE",IF(D46="Camp d'unité louveteaux","CULO",IF(D46="Camp d'unité lutins","CULI",IF(D46="Camp de groupe","CG",IF(D46="Camp régional","CR",IF(D46="Camp de regroupement","CGG",IF(D46="Camp de regroupement d'unité Ainés","CRGUA",IF(D46="Camp de regroupement d'unité éclés","CRGUE",IF(D46="Camp de regroupement d'unité louveteaux","CRGULO",IF(D46="Camp de regroupement d'unité lutins","CRGULI",IF(D46="Camp inter groupe","CIG",IF(D46="Séjours adaptés mineurs","SAM",IF(D46="Séjours adaptés adultes","SAA",IF(D46="Séjours ouverts","SOU",IF(D46="Camp régional ouvert","RO")))))))))))))))) -> CULO | AU46: =IF(R46<=20,"A",IF(AND(R46>=21,R46<=50),"B",IF(AND(R46>=51,R46<=80),"C",IF(R46>80,"D")))) -> A | AV46: T | AW46: =BV46/BW46 -> #DIV/0!
A47: 46 | B47: Nantes | C47: Bretagne | D47: Camp de groupe | F47: 43289 | G47: 43303 | H47: 17 | I47: 4 | J47: 20 | K47: 5 | L47: 16 | M47: 4 | N47: 0 | O47: 0 | P47: 0 | Q47: 3 | R47: =H47+J47+L47+N47+P47 -> 53 | S47: =I47+K47+M47+O47+Q47 -> 16 | T47: =S47/R47 -> 0.30188679 | U47: =R47+S47 -> 69 | V47: 2 | Y47: 1 | Z47: 1 | AE47: 1 | AF47: Camp fixe sous tente avec appui en dur | AG47: Kervignac | AJ47: Base d'hébergement et guides de France Kerjuste 56700 KERVIGNAC | AK47: SGDF | AL47: CRIME Amanda | AM47: lefevre.crime@yahoo.fr | AN47: 672601612 | AO47: CHARPENTIER Edith | AP47: 07 | AQ47: 56 | AR47: Bretagne | AS47: G | AT47: =IF(D47="Camp d'unité Ainés","CUA",IF(D47="camp d'unité éclés","CUE",IF(D47="Camp d'unité louveteaux","CULO",IF(D47="Camp d'unité lutins","CULI",IF(D47="Camp de groupe","CG",IF(D47="Camp régional","CR",IF(D47="Camp de regroupement","CGG",IF(D47="Camp de regroupement d'unité Ainés","CRGUA",IF(D47="Camp de regroupement d'unité éclés","CRGUE",IF(D47="Camp de regroupement d'unité louveteaux","CRGULO",IF(D47="Camp de regroupement d'unité lutins","CRGULI",IF(D47="Camp inter groupe","CIG",IF(D47="Séjours adaptés mineurs","SAM",IF(D47="Séjours adaptés adultes","SAA",IF(D47="Séjours ouverts","SOU",IF(D47="Camp régional ouvert","RO")))))))))))))))) -> CG | AU47: =IF(R47<=20,"A",IF(AND(R47>=21,R47<=50),"B",IF(AND(R47>=51,R47<=80),"C",IF(R47>80,"D")))) -> C | AV47: T | AW47: =BV47/BW47 -> #DIV/0!
A48: 47 | B48: Rennes Montaigne | C48: Bretagne | D48: Camp de groupe | F48: 43289 | G48: 43306 | H48: 9 | I48: 3 | J48: 9 | K48: 2 | L48: 13 | M48: 2 | N48: 0 | O48: 0 | P48: 0 | Q48: 0 | R48: =H48+J48+L48+N48+P48 -> 31 | S48: =I48+K48+M48+O48+Q48 -> 7 | T48: =S48/R48 -> 0.22580645 | U48: =R48+S48 -> 38 | V48: -2 | W48: 1 | X48: -2 | Z48: 5 | AE48: -2 | AF48: Camp fixe sous tente sans appui en dur | AG48: Pont Aven | AJ48: La petite ferme de Kercaudan 868 Kercaudan Bourg 29930 PONT AVEN | AK48: FERME | AL48: MASSARD François | AM48: frassard@live.fr | AN48: 616785712 | AO48: DIAZ MAURIN Rafael | AP48: 07 | AQ48: 29 | AR48: Bretagne | AS48: G | AT48: =IF(D48="Camp d'unité Ainés","CUA",IF(D48="camp d'unité éclés","CUE",IF(D48="Camp d'unité louveteaux","CULO",IF(D48="Camp d'unité lutins","CULI",IF(D48="Camp de groupe","CG",IF(D48="Camp régional","CR",IF(D48="Camp de regroupement","CGG",IF(D48="Camp de regroupement d'unité Ainés","CRGUA",IF(D48="Camp de regroupement d'unité éclés","CRGUE",IF(D48="Camp de regroupement d'unité louveteaux","CRGULO",IF(D48="Camp de regroupement d'unité lutins","CRGULI",IF(D48="Camp inter groupe","CIG",IF(D48="Séjours adaptés mineurs","SAM",IF(D48="Séjours adaptés adultes","SAA",IF(D48="Séjours ouverts","SOU",IF(D48="Camp régional ouvert","RO")))))))))))))))) -> CG | AU48: =IF(R48<=20,"A",IF(AND(R48>=21,R48<=50),"B",IF(AND(R48>=51,R48<=80),"C",IF(R48>80,"D")))) -> B | AV48: T | AW48: =BV48/BW48 -> #DIV/0!
A49: 48 | B49: Rennes Montaigne | C49: Bretagne | D49: Camp d'unité Ainés | F49: 43290 | G49: 43306 | H49: 0 | I49: 0 | J49: 0 | K49: 0 | L49: 0 | M49: 0 | N49: 9 | O49: 2 | P49: 0 | Q49: 0 | R49: =H49+J49+L49+N49+P49 -> 9 | S49: =I49+K49+M49+O49+Q49 -> 2 | T49: =S49/R49 -> 0.22222222 | U49: =R49+S49 -> 11 | AF49: Camp fixe sous tente sans appui en dur | AG49: Porto Vecchio | AJ49: La ferme d'Alzetta Vaccile Del Monte Muratello 20137 PORTO VECCHIO | AK49: FERME | AL49: ROSE Clémence | AM49: clemencerose35@yahoo.fr | AN49: 686884997 | AO49: DIAZ MAURIN Rafael | AP49: 07 | AQ49: 20 | AS49: G | AT49: =IF(D49="Camp d'unité Ainés","CUA",IF(D49="camp d'unité éclés","CUE",IF(D49="Camp d'unité louveteaux","CULO",IF(D49="Camp d'unité lutins","CULI",IF(D49="Camp de groupe","CG",IF(D49="Camp régional","CR",IF(D49="Camp de regroupement","CGG",IF(D49="Camp de regroupement d'unité Ainés","CRGUA",IF(D49="Camp de regroupement d'unité éclés","CRGUE",IF(D49="Camp de regroupement d'unité louveteaux","CRGULO",IF(D49="Camp de regroupement d'unité lutins","CRGULI",IF(D49="Camp inter groupe","CIG",IF(D49="Séjours adaptés mineurs","SAM",IF(D49="Séjours adaptés adultes","SAA",IF(D49="Séjours ouverts","SOU",IF(D49="Camp régional ouvert","RO")))))))))))))))) -> CUA | AU49: =IF(R49<=20,"A",IF(AND(R49>=21,R49<=50),"B",IF(AND(R49>=51,R49<=80),"C",IF(R49>80,"D")))) -> A | AV49: T | AW49: =BV49/BW49 -> #DIV/0!
A50: 49 | B50: Robinson | C50: Bretagne | D50: Camp de regroupement d'unité éclés | E50: Plume d'eau | F50: 43289 | G50: 43303 | H50: 0 | I50: 0 | J50: 0 | K50: 0 | L50: 33 | M50: 5 | N50: 0 | O50: 0 | P50: 0 | Q50: 0 | R50: =H50+J50+L50+N50+P50 -> 33 | S50: =I50+K50+M50+O50+Q50 -> 5 | T50: =S50/R50 -> 0.15151515 | U50: =R50+S50 -> 38 | Z50: -5 | AA50: -5 | AF50: Camp fixe sous tente sans appui en dur | AG50: La Bouexiere | AJ50: Guégan Jean Jacques Le petit Drugeon 35340 LA BOUEXIERE | AK50: EXT | AL50: LE GALLE Simon | AM50: simon.l.galle@gmail.com | AN50: 662155731 | AO50: RENAULT Jacques | AP50: 07 | AQ50: 35 | AR50: Bretagne | AS50: G | AT50: =IF(D50="Camp d'unité Ainés","CUA",IF(D50="camp d'unité éclés","CUE",IF(D50="Camp d'unité louveteaux","CULO",IF(D50="Camp d'unité lutins","CULI",IF(D50="Camp de groupe","CG",IF(D50="Camp régional","CR",IF(D50="Camp de regroupement","CGG",IF(D50="Camp de regroupement d'unité Ainés","CRGUA",IF(D50="Camp de regroupement d'unité éclés","CRGUE",IF(D50="Camp de regroupement d'unité louveteaux","CRGULO",IF(D50="Camp de regroupement d'unité lutins","CRGULI",IF(D50="Camp inter groupe","CIG",IF(D50="Séjours adaptés mineurs","SAM",IF(D50="Séjours adaptés adultes","SAA",IF(D50="Séjours ouverts","SOU",IF(D50="Camp régional ouvert","RO")))))))))))))))) -> CRGUE | AU50: =IF(R50<=20,"A",IF(AND(R50>=21,R50<=50),"B",IF(AND(R50>=51,R50<=80),"C",IF(R50>80,"D")))) -> B | AV50: T | AW50: =BV50/BW50 -> #DIV/0!
A51: 50 | B51: St Malo | C51: Bretagne | D51: Camp d'unité Ainés | F51: 43292 | G51: 43306 | H51: 0 | I51: 0 | J51: 0 | K51: 0 | L51: 0 | M51: 0 | N51: 4 | O51: 2 | P51: 0 | Q51: 0 | R51: =H51+J51+L51+N51+P51 -> 4 | S51: =I51+K51+M51+O51+Q51 -> 2 | T51: =S51/R51 -> 0.5 | U51: =R51+S51 -> 6 | AB51: -1 | AF51: Itinérant | AH51: Maroc | AJ51: Itinérant | AK51: ETRANGER | AL51: FAYSSE Antoine | AM51: antoine.faysse@gmail.com | AN51: 632445676 | AO51: STEPHANT François | AP51: 07 | AS51: G | AT51: =IF(D51="Camp d'unité Ainés","CUA",IF(D51="camp d'unité éclés","CUE",IF(D51="Camp d'unité louveteaux","CULO",IF(D51="Camp d'unité lutins","CULI",IF(D51="Camp de groupe","CG",IF(D51="Camp régional","CR",IF(D51="Camp de regroupement","CGG",IF(D51="Camp de regroupement d'unité Ainés","CRGUA",IF(D51="Camp de regroupement d'unité éclés","CRGUE",IF(D51="Camp de regroupement d'unité louveteaux","CRGULO",IF(D51="Camp de regroupement d'unité lutins","CRGULI",IF(D51="Camp inter groupe","CIG",IF(D51="Séjours adaptés mineurs","SAM",IF(D51="Séjours adaptés adultes","SAA",IF(D51="Séjours ouverts","SOU",IF(D51="Camp régional ouvert","RO")))))))))))))))) -> CUA | AU51: =IF(R51<=20,"A",IF(AND(R51>=21,R51<=50),"B",IF(AND(R51>=51,R51<=80),"C",IF(R51>80,"D")))) -> A | AV51: T | AW51: =BV51/BW51 -> #DIV/0!
A52: 51 | B52: St Brieuc | C52: Bretagne | D52: Camp de regroupement | E52: St Malo | F52: 43290 | G52: 43309 | H52: 6 | I52: 2 | J52: 16 | K52: 7 | L52: 0 | M52: 0 | N52: 0 | O52: 0 | P52: 0 | Q52: 0 | R52: =H52+J52+L52+N52+P52 -> 22 | S52: =I52+K52+M52+O52+Q52 -> 9 | T52: =S52/R52 -> 0.40909091 | U52: =R52+S52 -> 31 | V52: -4 | X52: -7 | Y52: -3 | AF52: Camp fixe sous tente sans appui en dur | AG52: Montflours | AJ52: GAEC Radis & Co La Garronnière 53240 MONTFLOURS | AK52: EXT | AL52: BOULANGER Emmanuelle | AM52: emmanuelle.boulanger25@outlook.fr | AN52: 659009276 | AO52: TAILLEBOIS Virginie | AP52: 07 | AQ52: 53 | AR52: Bretagne | AS52: G | AT52: =IF(D52="Camp d'unité Ainés","CUA",IF(D52="camp d'unité éclés","CUE",IF(D52="Camp d'unité louveteaux","CULO",IF(D52="Camp d'unité lutins","CULI",IF(D52="Camp de groupe","CG",IF(D52="Camp régional","CR",IF(D52="Camp de regroupement","CGG",IF(D52="Camp de regroupement d'unité Ainés","CRGUA",IF(D52="Camp de regroupement d'unité éclés","CRGUE",IF(D52="Camp de regroupement d'unité louveteaux","CRGULO",IF(D52="Camp de regroupement d'unité lutins","CRGULI",IF(D52="Camp inter groupe","CIG",IF(D52="Séjours adaptés mineurs","SAM",IF(D52="Séjours adaptés adultes","SAA",IF(D52="Séjours ouverts","SOU",IF(D52="Camp régional ouvert","RO")))))))))))))))) -> CGG | AU52: =IF(R52<=20,"A",IF(AND(R52>=21,R52<=50),"B",IF(AND(R52>=51,R52<=80),"C",IF(R52>80,"D")))) -> B | AV52: T | AW52: =BV52/BW52 -> #DIV/0!
A53: 52 | B53: Lorient | C53: Bretagne | D53: Camp de groupe | F53: 43289 | G53: 43303 | H53: 17 | I53: 3 | J53: 42 | K53: 7 | L53: 0 | M53: 0 | N53: 0 | O53: 0 | P53: 0 | Q53: 0 | R53: =H53+J53+L53+N53+P53 -> 59 | S53: =I53+K53+M53+O53+Q53 -> 10 | T53: =S53/R53 -> 0.16949153 | U53: =R53+S53 -> 69 | V53: 1 | AF53: Camp fixe sous tente avec appui en dur | AG53: ROHAN | AJ53: Mairie de Rohan Terrain des Sports de Saint Simon 56580 ROHAN | AK53: MAIRIE | AL53: JAFFREZIC Marion | AM53: mj.eedflorient@gmail.com | AN53: 651786597 | AO53: LAMARE Stéphane | AP53: 07 | AQ53: 56 | AR53: Bretagne | AS53: G | AT53: =IF(D53="Camp d'unité Ainés","CUA",IF(D53="camp d'unité éclés","CUE",IF(D53="Camp d'unité louveteaux","CULO",IF(D53="Camp d'unité lutins","CULI",IF(D53="Camp de groupe","CG",IF(D53="Camp régional","CR",IF(D53="Camp de regroupement","CGG",IF(D53="Camp de regroupement d'unité Ainés","CRGUA",IF(D53="Camp de regroupement d'unité éclés","CRGUE",IF(D53="Camp de regroupement d'unité louveteaux","CRGULO",IF(D53="Camp de regroupement d'unité lutins","CRGULI",IF(D53="Camp inter groupe","CIG",IF(D53="Séjours adaptés mineurs","SAM",IF(D53="Séjours adaptés adultes","SAA",IF(D53="Séjours ouverts","SOU",IF(D53="Camp régional ouvert","RO")))))))))))))))) -> CG | AU53: =IF(R53<=20,"A",IF(AND(R53>=21,R53<=50),"B",IF(AND(R53>=51,R53<=80),"C",IF(R53>80,"D")))) -> C | AV53: T | AW53: =BV53/BW53 -> #DIV/0!
A54: 53 | B54: Lorient | C54: Bretagne | D54: Camp d'unité éclés | F54: 43288 | G54: 43308 | H54: 0 | I54: 0 | J54: 0 | K54: 0 | L54: 28 | M54: 6 | N54: 0 | O54: 0 | P54: 0 | Q54: 1 | R54: =H54+J54+L54+N54+P54 -> 28 | S54: =I54+K54+M54+O54+Q54 -> 7 | T54: =S54/R54 -> 0.25 | U54: =R54+S54 -> 35 | Z54: -8 | AF54: Itinérant | AG54: Itinérant (56) | AJ54: Itinérant (56) | AK54: ITINERANT | AL54: PLUNIAN Patrick | AM54: eedflorient@orange.fr | AN54: 631790841 | AO54: LAMARE Stéphane | AP54: 07 | AR54: Bretagne | AS54: G | AT54: =IF(D54="Camp d'unité Ainés","CUA",IF(D54="camp d'unité éclés","CUE",IF(D54="Camp d'unité louveteaux","CULO",IF(D54="Camp d'unité lutins","CULI",IF(D54="Camp de groupe","CG",IF(D54="Camp régional","CR",IF(D54="Camp de regroupement","CGG",IF(D54="Camp de regroupement d'unité Ainés","CRGUA",IF(D54="Camp de regroupement d'unité éclés","CRGUE",IF(D54="Camp de regroupement d'unité louveteaux","CRGULO",IF(D54="Camp de regroupement d'unité lutins","CRGULI",IF(D54="Camp inter groupe","CIG",IF(D54="Séjours adaptés mineurs","SAM",IF(D54="Séjours adaptés adultes","SAA",IF(D54="Séjours ouverts","SOU",IF(D54="Camp régional ouvert","RO")))))))))))))))) -> CUE | AU54: =IF(R54<=20,"A",IF(AND(R54>=21,R54<=50),"B",IF(AND(R54>=51,R54<=80),"C",IF(R54>80,"D")))) -> B | AV54: T | AW54: =BV54/BW54 -> #DIV/0!
A55: 54 | B55: Lorient | C55: Bretagne | D55: Camp d'unité Ainés | F55: 43288 | G55: 43308 | H55: 0 | I55: 0 | J55: 0 | K55: 0 | L55: 0 | M55: 0 | N55: 14 | O55: 2 | P55: 0 | Q55: 0 | R55: =H55+J55+L55+N55+P55 -> 14 | S55: =I55+K55+M55+O55+Q55 -> 2 | T55: =S55/R55 -> 0.14285714 | U55: =R55+S55 -> 16 | AB55: -1 | AF55: Itinérant | AG55: Itinérant (63-30) | AJ55: Itinérant (63-30) | AK55: ITINERANT | AL55: BONNOT Marion | AM55: aines.lorient@gmail.com | AN55: 698055857 | AO55: LAMARE Stéphane | AP55: 07 | AR55: Auvergne | AS55: G | AT55: =IF(D55="Camp d'unité Ainés","CUA",IF(D55="camp d'unité éclés","CUE",IF(D55="Camp d'unité louveteaux","CULO",IF(D55="Camp d'unité lutins","CULI",IF(D55="Camp de groupe","CG",IF(D55="Camp régional","CR",IF(D55="Camp de regroupement","CGG",IF(D55="Camp de regroupement d'unité Ainés","CRGUA",IF(D55="Camp de regroupement d'unité éclés","CRGUE",IF(D55="Camp de regroupement d'unité louveteaux","CRGULO",IF(D55="Camp de regroupement d'unité lutins","CRGULI",IF(D55="Camp inter groupe","CIG",IF(D55="Séjours adaptés mineurs","SAM",IF(D55="Séjours adaptés adultes","SAA",IF(D55="Séjours ouverts","SOU",IF(D55="Camp régional ouvert","RO")))))))))))))))) -> CUA | AU55: =IF(R55<=20,"A",IF(AND(R55>=21,R55<=50),"B",IF(AND(R55>=51,R55<=80),"C",IF(R55>80,"D")))) -> A | AV55: T | AW55: =BV55/BW55 -> #DIV/0!
A56: 55 | B56: Plume d'Eau | C56: Bretagne | D56: Camp de regroupement d'unité louveaux | E56: Robinson | F56: 43289 | G56: 43309 | H56: 0 | I56: 0 | J56: 24 | K56: 7 | L56: 0 | M56: 0 | N56: 0 | O56: 0 | P56: 0 | Q56: 1 | R56: =H56+J56+L56+N56+P56 -> 24 | S56: =I56+K56+M56+O56+Q56 -> 8 | T56: =S56/R56 -> 0.33333333 | U56: =R56+S56 -> 32 | X56: -6 | AE56: 1 | AF56: Camp fixe sous tente avec appui en dur | AG56: St Philbert du Peuple | AJ56: Terrain Porc épic Base de Bréhabert 49160 ST PHILBERT DU PEUPLE | AK56: TERRAIN | AL56: GUY Clément | AM56: clement.g.guy@gmail.com | AN56: 617787263 | AO56: MELI Catherine | AP56: 07 | AQ56: 49 | AR56: Bretagne | AS56: G | AT56: =IF(D56="Camp d'unité Ainés","CUA",IF(D56="camp d'unité éclés","CUE",IF(D56="Camp d'unité louveteaux","CULO",IF(D56="Camp d'unité lutins","CULI",IF(D56="Camp de groupe","CG",IF(D56="Camp régional","CR",IF(D56="Camp de regroupement","CGG",IF(D56="Camp de regroupement d'unité Ainés","CRGUA",IF(D56="Camp de regroupement d'unité éclés","CRGUE",IF(D56="Camp de regroupement d'unité louveteaux","CRGULO",IF(D56="Camp de regroupement d'unité lutins","CRGULI",IF(D56="Camp inter groupe","CIG",IF(D56="Séjours adaptés mineurs","SAM",IF(D56="Séjours adaptés adultes","SAA",IF(D56="Séjours ouverts","SOU",IF(D56="Camp régional ouvert","RO")))))))))))))))) -> FALSE | AU56: =IF(R56<=20,"A",IF(AND(R56>=21,R56<=50),"B",IF(AND(R56>=51,R56<=80),"C",IF(R56>80,"D")))) -> B | AV56: T | AW56: =BV56/BW56 -> #DIV/0!
A57: 56 | B57: Bretagne (Argonautes Rennes) | C57: Bretagne | D57: Camp d'unité éclés | F57: 43288 | G57: 43308 | H57: 0 | I57: 0 | J57: 0 | K57: 0 | L57: 24 | M57: 3 | N57: 0 | O57: 0 | P57: 0 | Q57: 0 | R57: =H57+J57+L57+N57+P57 -> 24 | S57: =I57+K57+M57+O57+Q57 -> 3 | T57: =S57/R57 -> 0.125 | U57: =R57+S57 -> 27 | Z57: -1 | AF57: Camp fixe sous tente avec appui en dur | AG57: Coupiac | AJ57: Jean Loup Sluiman Ferme de Lapaloup 12550 COUPIAC Camp itinérant | AK57: FERME | AL57: LE BORGNE Léa | AM57: leborgne.lea@outlook.fr | AN57: 667216526 | AO57: LE FOLL Christine | AP57: 07 | AR57: Midi Pyrénées | AS57: G | AT57: =IF(D57="Camp d'unité Ainés","CUA",IF(D57="camp d'unité éclés","CUE",IF(D57="Camp d'unité louveteaux","CULO",IF(D57="Camp d'unité lutins","CULI",IF(D57="Camp de groupe","CG",IF(D57="Camp régional","CR",IF(D57="Camp de regroupement","CGG",IF(D57="Camp de regroupement d'unité Ainés","CRGUA",IF(D57="Camp de regroupement d'unité éclés","CRGUE",IF(D57="Camp de regroupement d'unité louveteaux","CRGULO",IF(D57="Camp de regroupement d'unité lutins","CRGULI",IF(D57="Camp inter groupe","CIG",IF(D57="Séjours adaptés mineurs","SAM",IF(D57="Séjours adaptés adultes","SAA",IF(D57="Séjours ouverts","SOU",IF(D57="Camp régional ouvert","RO")))))))))))))))) -> CUE | AU57: =IF(R57<=20,"A",IF(AND(R57>=21,R57<=50),"B",IF(AND(R57>=51,R57<=80),"C",IF(R57>80,"D")))) -> B | AV57: T | AW57: =BV57/BW57 -> #DIV/0!
A58: 57 | B58: Plume d'Eau | C58: Bretagne | D58: Camp d'unité Ainés | F58: 43289 | G58: 43309 | H58: 0 | I58: 0 | J58: 0 | K58: 0 | L58: 0 | M58: 0 | N58: 7 | O58: 1 | P58: 0 | Q58: 0 | R58: =H58+J58+L58+N58+P58 -> 7 | S58: =I58+K58+M58+O58+Q58 -> 1 | T58: =S58/R58 -> 0.14285714 | U58: =R58+S58 -> 8 | AF58: Camp fixe sous tente avec appui en dur | AG58: Olargues | AJ58: Chez Mme Claire Vidal Faubourg du Peyral 34390 OLARGUES | AK58: EXT | AL58: LAVABRE Marianne | AM58: lavabre.marianne@gmail.com | AN58: 677615619 | AO58: MELI Catherine | AP58: 07 | AQ58: 34 | AR58: Languedoc Roussillon | AS58: G | AT58: =IF(D58="Camp d'unité Ainés","CUA",IF(D58="camp d'unité éclés","CUE",IF(D58="Camp d'unité louveteaux","CULO",IF(D58="Camp d'unité lutins","CULI",IF(D58="Camp de groupe","CG",IF(D58="Camp régional","CR",IF(D58="Camp de regroupement","CGG",IF(D58="Camp de regroupement d'unité Ainés","CRGUA",IF(D58="Camp de regroupement d'unité éclés","CRGUE",IF(D58="Camp de regroupement d'unité louveteaux","CRGULO",IF(D58="Camp de regroupement d'unité lutins","CRGULI",IF(D58="Camp inter groupe","CIG",IF(D58="Séjours adaptés mineurs","SAM",IF(D58="Séjours adaptés adultes","SAA",IF(D58="Séjours ouverts","SOU",IF(D58="Camp régional ouvert","RO")))))))))))))))) -> CUA | AU58: =IF(R58<=20,"A",IF(AND(R58>=21,R58<=50),"B",IF(AND(R58>=51,R58<=80),"C",IF(R58>80,"D")))) -> A | AV58: T | AW58: =BV58/BW58 -> #DIV/0!
A59: 58 | B59: Caen Colombelle | C59: Normandie | D59: Camp de regroupement | E59: Rouen | F59: 43289 | G59: 43303 | H59: 7 | I59: 2 | J59: 25 | K59: 5 | L59: 17 | M59: 3 | N59: 0 | O59: 0 | P59: 0 | Q59: 3 | R59: =H59+J59+L59+N59+P59 -> 49 | S59: =I59+K59+M59+O59+Q59 -> 13 | T59: =S59/R59 -> 0.26530612 | U59: =R59+S59 -> 62 | V59: -8 | W59: 0 | X59: 10 | Y59: 2 | Z59: -3 | AA59: 0 | AB59: 0 | AC59: 0 | AD59: 0 | AE59: 3 | AF59: Camp fixe sous tente sans appui en dur | AG59: Pontchardon | AJ59: Vincent et Marie Levasseur ferme de l'Alliance la Bonnerie 61120 PONCHARDON | AK59: FERME | AL59: SANCHEZ Charlie | AM59: sanchez.charlie1@gmail.com | AN59: 610692275 | AO59: FRENOD Nicolas | AP59: 07 | AQ59: 61 | AR59: Normandie | AS59: G | AT59: =IF(D59="Camp d'unité Ainés","CUA",IF(D59="camp d'unité éclés","CUE",IF(D59="Camp d'unité louveteaux","CULO",IF(D59="Camp d'unité lutins","CULI",IF(D59="Camp de groupe","CG",IF(D59="Camp régional","CR",IF(D59="Camp de regroupement","CGG",IF(D59="Camp de regroupement d'unité Ainés","CRGUA",IF(D59="Camp de regroupement d'unité éclés","CRGUE",IF(D59="Camp de regroupement d'unité louveteaux","CRGULO",IF(D59="Camp de regroupement d'unité lutins","CRGULI",IF(D59="Camp inter groupe","CIG",IF(D59="Séjours adaptés mineurs","SAM",IF(D59="Séjours adaptés adultes","SAA",IF(D59="Séjours ouverts","SOU",IF(D59="Camp régional ouvert","RO")))))))))))))))) -> CGG | AU59: =IF(R59<=20,"A",IF(AND(R59>=21,R59<=50),"B",IF(AND(R59>=51,R59<=80),"C",IF(R59>80,"D")))) -> B | AV59: T | AW59: =BV59/BW59 -> #DIV/0!
A60: 59 | B60: Rochefort | C60: Poitou Charente | D60: Camp de groupe | F60: 43288 | G60: 43307 | H60: 10 | I60: 2 | J60: 28 | K60: 3 | L60: 23 | M60: 2 | N60: 12 | O60: 1 | P60: 0 | Q60: 4 | R60: =H60+J60+L60+N60+P60 -> 73 | S60: =I60+K60+M60+O60+Q60 -> 12 | T60: =S60/R60 -> 0.16438356 | U60: =R60+S60 -> 85 | Z60: 3 | AE60: -1 | AF60: Camp fixe sous tente avec appui en dur | AG60: Queaux | AJ60: 86203 | AK60: CENTRE | AL60: SALOMON THOMAS Nicole | AM60: salomonicole@live.fr | AN60: 630590896 | AO60: SALOMON THOMAS Nicole | AP60: 07 | AQ60: 86 | AR60: Poitou Charente | AS60: G | AT60: =IF(D60="Camp d'unité Ainés","CUA",IF(D60="camp d'unité éclés","CUE",IF(D60="Camp d'unité louveteaux","CULO",IF(D60="Camp d'unité lutins","CULI",IF(D60="Camp de groupe","CG",IF(D60="Camp régional","CR",IF(D60="Camp de regroupement","CGG",IF(D60="Camp de regroupement d'unité Ainés","CRGUA",IF(D60="Camp de regroupement d'unité éclés","CRGUE",IF(D60="Camp de regroupement d'unité louveteaux","CRGULO",IF(D60="Camp de regroupement d'unité lutins","CRGULI",IF(D60="Camp inter groupe","CIG",IF(D60="Séjours adaptés mineurs","SAM",IF(D60="Séjours adaptés adultes","SAA",IF(D60="Séjours ouverts","SOU",IF(D60="Camp régional ouvert","RO")))))))))))))))) -> CG | AU60: =IF(R60<=20,"A",IF(AND(R60>=21,R60<=50),"B",IF(AND(R60>=51,R60<=80),"C",IF(R60>80,"D")))) -> C | AV60: T | AW60: =BV60/BW60 -> #DIV/0!
A61: 60 | B61: Carmaux | C61: Midi Pyrénées | D61: Camp de groupe | F61: 43289 | G61: 43303 | H61: 0 | I61: 0 | J61: 0 | K61: 0 | L61: 0 | M61: 0 | N61: 0 | O61: 0 | P61: 0 | Q61: 0 | R61: =H61+J61+L61+N61+P61 -> 0 | S61: =I61+K61+M61+O61+Q61 -> 0 | T61: =S61/R61 -> #DIV/0! | U61: =R61+S61 -> 0 | AF61: Camp fixe sous tente avec appui en dur | AG61: Verrières | AJ61: EEDF Centre de Bécours Hameau de Bécours 12520 VERRIERES | AL61: DANGOUMAU Laura | AM61: laura.dangoumau@wanadoo.fr | AN61: 684477600 | AO61: GALAN Elisabeth | AP61: 07 | AR61: Midi Pyrénées | AS61: G | AT61: =IF(D61="Camp d'unité Ainés","CUA",IF(D61="camp d'unité éclés","CUE",IF(D61="Camp d'unité louveteaux","CULO",IF(D61="Camp d'unité lutins","CULI",IF(D61="Camp de groupe","CG",IF(D61="Camp régional","CR",IF(D61="Camp de regroupement","CGG",IF(D61="Camp de regroupement d'unité Ainés","CRGUA",IF(D61="Camp de regroupement d'unité éclés","CRGUE",IF(D61="Camp de regroupement d'unité louveteaux","CRGULO",IF(D61="Camp de regroupement d'unité lutins","CRGULI",IF(D61="Camp inter groupe","CIG",IF(D61="Séjours adaptés mineurs","SAM",IF(D61="Séjours adaptés adultes","SAA",IF(D61="Séjours ouverts","SOU",IF(D61="Camp régional ouvert","RO")))))))))))))))) -> CG | AU61: =IF(R61<=20,"A",IF(AND(R61>=21,R61<=50),"B",IF(AND(R61>=51,R61<=80),"C",IF(R61>80,"D")))) -> A | AV61: T | AW61: =BV61/BW61 -> #DIV/0!
A62: 61 | B62: St Exupéry | C62: Midi Pyrénées | D62: Camp de groupe | F62: 43289 | G62: 43309 | H62: 8 | I62: 4 | J62: 17 | K62: 6 | L62: 26 | M62: 8 | N62: 0 | O62: 0 | P62: 0 | Q62: 0 | R62: =H62+J62+L62+N62+P62 -> 51 | S62: =I62+K62+M62+O62+Q62 -> 18 | T62: =S62/R62 -> 0.35294118 | U62: =R62+S62 -> 69 | V62: -2 | W62: -2 | X62: -13 | Y62: -1 | Z62: 6 | AF62: Camp fixe sous tente sans appui en dur | AG62: Saurat | AJ62: 09400 SAURAT | AK62: EXT | AL62: GAUDRY Céline | AM62: celine-zwierniak@hotmail.fr | AN62: 661391821 | AO62: ESCUDE Isabelle | AP62: 07 | AQ62: 09 | AR62: Midi Pyrénées | AS62: G | AT62: =IF(D62="Camp d'unité Ainés","CUA",IF(D62="camp d'unité éclés","CUE",IF(D62="Camp d'unité louveteaux","CULO",IF(D62="Camp d'unité lutins","CULI",IF(D62="Camp de groupe","CG",IF(D62="Camp régional","CR",IF(D62="Camp de regroupement","CGG",IF(D62="Camp de regroupement d'unité Ainés","CRGUA",IF(D62="Camp de regroupement d'unité éclés","CRGUE",IF(D62="Camp de regroupement d'unité louveteaux","CRGULO",IF(D62="Camp de regroupement d'unité lutins","CRGULI",IF(D62="Camp inter groupe","CIG",IF(D62="Séjours adaptés mineurs","SAM",IF(D62="Séjours adaptés adultes","SAA",IF(D62="Séjours ouverts","SOU",IF(D62="Camp régional ouvert","RO")))))))))))))))) -> CG | AU62: =IF(R62<=20,"A",IF(AND(R62>=21,R62<=50),"B",IF(AND(R62>=51,R62<=80),"C",IF(R62>80,"D")))) -> C | AV62: T | AW62: =BV62/BW62 -> #DIV/0!
A63: 62 | B63: Hersain | C63: Midi Pyrénées | D63: Camp de groupe | F63: 43290 | G63: 43308 | H63: 6 | I63: 3 | J63: 16 | K63: 5 | L63: 18 | M63: 5 | N63: 0 | O63: 0 | P63: 0 | Q63: 2 | R63: =H63+J63+L63+N63+P63 -> 40 | S63: =I63+K63+M63+O63+Q63 -> 15 | T63: =S63/R63 -> 0.375 | U63: =R63+S63 -> 55 | V63: -4 | X63: -9 | Y63: -1 | Z63: 3 | AE63: 2 | AF63: Camp fixe sous tente sans appui en dur | AG63: DUN | AJ63: Eychard Huguette 7 Cami du Mouli 09600 DUN | AK63: EXT | AL63: GUIRAUD Damien | AM63: damien.guiraud@outlook.fr | AN63: 628389593 | AO63: MENGUY Frédéric | AP63: 07 | AQ63: 09 | AR63: Midi Pyrénées | AS63: G | AT63: =IF(D63="Camp d'unité Ainés","CUA",IF(D63="camp d'unité éclés","CUE",IF(D63="Camp d'unité louveteaux","CULO",IF(D63="Camp d'unité lutins","CULI",IF(D63="Camp de groupe","CG",IF(D63="Camp régional","CR",IF(D63="Camp de regroupement","CGG",IF(D63="Camp de regroupement d'unité Ainés","CRGUA",IF(D63="Camp de regroupement d'unité éclés","CRGUE",IF(D63="Camp de regroupement d'unité louveteaux","CRGULO",IF(D63="Camp de regroupement d'unité lutins","CRGULI",IF(D63="Camp inter groupe","CIG",IF(D63="Séjours adaptés mineurs","SAM",IF(D63="Séjours adaptés adultes","SAA",IF(D63="Séjours ouverts","SOU",IF(D63="Camp régional ouvert","RO")))))))))))))))) -> CG | AU63: =IF(R63<=20,"A",IF(AND(R63>=21,R63<=50),"B",IF(AND(R63>=51,R63<=80),"C",IF(R63>80,"D")))) -> B | AV63: T | AW63: =BV63/BW63 -> #DIV/0!
A64: 63 | B64: St Cyprien | C64: Midi Pyrénées | D64: Camp de regroupement d'unité éclés | E64: Millau St Afrique | F64: 43293 | G64: 43307 | H64: 0 | I64: 0 | J64: 16 | K64: 6 | L64: 34 | M64: 7 | N64: 0 | O64: 0 | P64: 0 | Q64: 0 | R64: =H64+J64+L64+N64+P64 -> 50 | S64: =I64+K64+M64+O64+Q64 -> 13 | T64: =S64/R64 -> 0.26 | U64: =R64+S64 -> 63 | Z64: -1 | AA64: 1 | AB64: -4 | AF64: Camp fixe sous tente sans appui en dur | AG64: Pampelonne | AJ64: 81201 | AK64: CENTRE | AL64: PEGLIASCO Cori | AM64: cori_eedf@mail.com | AN64: 681516995 | AO64: PEGLIASCO Cori | AP64: 07 | AQ64: 81 | AR64: Midi Pyrénées | AS64: G | AT64: =IF(D64="Camp d'unité Ainés","CUA",IF(D64="camp d'unité éclés","CUE",IF(D64="Camp d'unité louveteaux","CULO",IF(D64="Camp d'unité lutins","CULI",IF(D64="Camp de groupe","CG",IF(D64="Camp régional","CR",IF(D64="Camp de regroupement","CGG",IF(D64="Camp de regroupement d'unité Ainés","CRGUA",IF(D64="Camp de regroupement d'unité éclés","CRGUE",IF(D64="Camp de regroupement d'unité louveteaux","CRGULO",IF(D64="Camp de regroupement d'unité lutins","CRGULI",IF(D64="Camp inter groupe","CIG",IF(D64="Séjours adaptés mineurs","SAM",IF(D64="Séjours adaptés adultes","SAA",IF(D64="Séjours ouverts","SOU",IF(D64="Camp régional ouvert","RO")))))))))))))))) -> CRGUE | AU64: =IF(R64<=20,"A",IF(AND(R64>=21,R64<=50),"B",IF(AND(R64>=51,R64<=80),"C",IF(R64>80,"D")))) -> B | AV64: T | AW64: =BV64/BW64 -> #DIV/0!
A65: 64 | B65: St Cyprien | C65: Midi Pyrénées | D65: Camp de regroupement d'unité lutins | E65: Millau St Afrique | F65: 43297 | G65: 43307 | H65: 13 | I65: 4 | J65: 0 | K65: 0 | L65: 0 | M65: 0 | N65: 0 | O65: 0 | P65: 0 | Q65: 0 | R65: =H65+J65+L65+N65+P65 -> 13 | S65: =I65+K65+M65+O65+Q65 -> 4 | T65: =S65/R65 -> 0.30769231 | U65: =R65+S65 -> 17 | AF65: Camp fixe sous tente avec appui en dur | AG65: Pampelonne | AJ65: 81201 | AK65: CENTRE | AL65: BOUZOU Anaïs | AM65: anais.bouzou@gmail.com | AN65: 626960484 | AO65: PEGLIASCO Cori | AP65: 07 | AQ65: 81 | AR65: Midi Pyrénées | AS65: G | AT65: =IF(D65="Camp d'unité Ainés","CUA",IF(D65="camp d'unité éclés","CUE",IF(D65="Camp d'unité louveteaux","CULO",IF(D65="Camp d'unité lutins","CULI",IF(D65="Camp de groupe","CG",IF(D65="Camp régional","CR",IF(D65="Camp de regroupement","CGG",IF(D65="Camp de regroupement d'unité Ainés","CRGUA",IF(D65="Camp de regroupement d'unité éclés","CRGUE",IF(D65="Camp de regroupement d'unité louveteaux","CRGULO",IF(D65="Camp de regroupement d'unité lutins","CRGULI",IF(D65="Camp inter groupe","CIG",IF(D65="Séjours adaptés mineurs","SAM",IF(D65="Séjours adaptés adultes","SAA",IF(D65="Séjours ouverts","SOU",IF(D65="Camp régional ouvert","RO")))))))))))))))) -> CRGULI | AU65: =IF(R65<=20,"A",IF(AND(R65>=21,R65<=50),"B",IF(AND(R65>=51,R65<=80),"C",IF(R65>80,"D")))) -> A | AV65: T | AW65: =BV65/BW65 -> #DIV/0!
A66: 65 | B66: Corbeil Essonnes | C66: Ile de France | D66: Camp de groupe | F66: 43289 | G66: 43296 | H66: 0 | I66: 0 | J66: 6 | K66: 2 | L66: 6 | M66: 2 | N66: 0 | O66: 0 | P66: 0 | Q66: 0 | R66: =H66+J66+L66+N66+P66 -> 12 | S66: =I66+K66+M66+O66+Q66 -> 4 | T66: =S66/R66 -> 0.33333333 | U66: =R66+S66 -> 16 | AF66: Camp fixe sous tente avec appui en dur | AG66: Vitry sur Loges | AJ66: Association Henri 1 er Terrain de l'étoile 40 route des Caduels 45530 VITRY SUR LOGES | AK66: EXT | AL66: BARON Agnès | AM66: eedf-corbeil@live.fr | AN66: 601870488 | AO66: BARON Agnès | AP66: 07 | AQ66: 45 | AR66: Centre | AS66: G | AT66: =IF(D66="Camp d'unité Ainés","CUA",IF(D66="camp d'unité éclés","CUE",IF(D66="Camp d'unité louveteaux","CULO",IF(D66="Camp d'unité lutins","CULI",IF(D66="Camp de groupe","CG",IF(D66="Camp régional","CR",IF(D66="Camp de regroupement","CGG",IF(D66="Camp de regroupement d'unité Ainés","CRGUA",IF(D66="Camp de regroupement d'unité éclés","CRGUE",IF(D66="Camp de regroupement d'unité louveteaux","CRGULO",IF(D66="Camp de regroupement d'unité lutins","CRGULI",IF(D66="Camp inter groupe","CIG",IF(D66="Séjours adaptés mineurs","SAM",IF(D66="Séjours adaptés adultes","SAA",IF(D66="Séjours ouverts","SOU",IF(D66="Camp régional ouvert","RO")))))))))))))))) -> CG | AU66: =IF(R66<=20,"A",IF(AND(R66>=21,R66<=50),"B",IF(AND(R66>=51,R66<=80),"C",IF(R66>80,"D")))) -> A | AV66: T | AW66: =BV66/BW66 -> #DIV/0!
A67: 66 | B67: Paris Est | C67: Ile de France | D67: Camp de groupe | F67: 43291 | G67: 43309 | H67: 5 | I67: 1 | J67: 23 | K67: 4 | L67: 18 | M67: 4 | N67: 0 | O67: 0 | P67: 0 | Q67: 4 | R67: =H67+J67+L67+N67+P67 -> 46 | S67: =I67+K67+M67+O67+Q67 -> 13 | T67: =S67/R67 -> 0.2826087 | U67: =R67+S67 -> 59 | V67: 1 | X67: -1 | Y67: 1 | AA67: 1 | AD67: -1 | AE67: 4 | AF67: Camp fixe sous tente avec appui en dur | AG67: Roannes St Mary | AJ67: M.Jean Jacques Richart Outier 15220 ROANNES ST MARY | AK67: EXT | AL67: DAMERVAL Camille | AM67: cam.damerval@gmail.com | AN67: 670549444 | AO67: MANGIN Aube | AP67: 07 | AQ67: 15 | AR67: Auvergne | AS67: G | AT67: =IF(D67="Camp d'unité Ainés","CUA",IF(D67="camp d'unité éclés","CUE",IF(D67="Camp d'unité louveteaux","CULO",IF(D67="Camp d'unité lutins","CULI",IF(D67="Camp de groupe","CG",IF(D67="Camp régional","CR",IF(D67="Camp de regroupement","CGG",IF(D67="Camp de regroupement d'unité Ainés","CRGUA",IF(D67="Camp de regroupement d'unité éclés","CRGUE",IF(D67="Camp de regroupement d'unité louveteaux","CRGULO",IF(D67="Camp de regroupement d'unité lutins","CRGULI",IF(D67="Camp inter groupe","CIG",IF(D67="Séjours adaptés mineurs","SAM",IF(D67="Séjours adaptés adultes","SAA",IF(D67="Séjours ouverts","SOU",IF(D67="Camp régional ouvert","RO")))))))))))))))) -> CG | AU67: =IF(R67<=20,"A",IF(AND(R67>=21,R67<=50),"B",IF(AND(R67>=51,R67<=80),"C",IF(R67>80,"D")))) -> B | AV67: T | AW67: =BV67/BW67 -> #DIV/0!
A68: 67 | B68: Ivry Lionel Terray | C68: Ile de France | D68: Camp de regroupement | E68: Sartrouville | F68: 43289 | G68: 43303 | H68: 6 | I68: 3 | J68: 31 | K68: 5 | L68: 0 | M68: 0 | N68: 0 | O68: 0 | P68: 0 | Q68: 2 | R68: =H68+J68+L68+N68+P68 -> 37 | S68: =I68+K68+M68+O68+Q68 -> 10 | T68: =S68/R68 -> 0.27027027 | U68: =R68+S68 -> 47 | V68: -2 | X68: 1 | Y68: -1 | AE68: -1 | AF68: Camp fixe sous tente avec appui en dur | AG68: Saint Pompain | AJ68: M. Guillaume Bichon Ferme de la Mantellerie 36 rue de la Mantellerie 79160 SAINT POMPAIN | AK68: EXT | AL68: POIGNANT Romain | AM68: romain.poignant@free.fr | AN68: 659209733 | AO68: MARTOUZET Aude | AP68: 07 | AQ68: 79 | AR68: Poitou Charente | AS68: G | AT68: =IF(D68="Camp d'unité Ainés","CUA",IF(D68="camp d'unité éclés","CUE",IF(D68="Camp d'unité louveteaux","CULO",IF(D68="Camp d'unité lutins","CULI",IF(D68="Camp de groupe","CG",IF(D68="Camp régional","CR",IF(D68="Camp de regroupement","CGG",IF(D68="Camp de regroupement d'unité Ainés","CRGUA",IF(D68="Camp de regroupement d'unité éclés","CRGUE",IF(D68="Camp de regroupement d'unité louveteaux","CRGULO",IF(D68="Camp de regroupement d'unité lutins","CRGULI",IF(D68="Camp inter groupe","CIG",IF(D68="Séjours adaptés mineurs","SAM",IF(D68="Séjours adaptés adultes","SAA",IF(D68="Séjours ouverts","SOU",IF(D68="Camp régional ouvert","RO")))))))))))))))) -> CGG | AU68: =IF(R68<=20,"A",IF(AND(R68>=21,R68<=50),"B",IF(AND(R68>=51,R68<=80),"C",IF(R68>80,"D")))) -> B | AV68: T | AW68: =BV68/BW68 -> #DIV/0!
A69: 68 | B69: Ivry Lionel Terray | C69: Ile de France | D69: Camp de regroupement d'unité éclés | E69: Sartrouville Bègles | F69: 43289 | G69: 43303 | H69: 0 | I69: 0 | J69: 0 | K69: 0 | L69: 33 | M69: 4 | N69: 0 | O69: 0 | P69: 0 | Q69: 2 | R69: =H69+J69+L69+N69+P69 -> 33 | S69: =I69+K69+M69+O69+Q69 -> 6 | T69: =S69/R69 -> 0.18181818 | U69: =R69+S69 -> 39 | Z69: 9 | AE69: 1 | AF69: Camp fixe sous tente avec appui en dur | AG69: TAUGON | AJ69: Mairie de Taugon Camping municipal de Taugon 1 rue du Marais 17170 Tugon | AK69: CAMPING | AL69: LATRECH Rachel | AM69: latrech.rachel@gmail.com | AN69: 769355118 | AO69: MARTOUZET Aude | AP69: 07 | AQ69: 17 | AR69: Poitou Charente | AS69: G | AT69: =IF(D69="Camp d'unité Ainés","CUA",IF(D69="camp d'unité éclés","CUE",IF(D69="Camp d'unité louveteaux","CULO",IF(D69="Camp d'unité lutins","CULI",IF(D69="Camp de groupe","CG",IF(D69="Camp régional","CR",IF(D69="Camp de regroupement","CGG",IF(D69="Camp de regroupement d'unité Ainés","CRGUA",IF(D69="Camp de regroupement d'unité éclés","CRGUE",IF(D69="Camp de regroupement d'unité louveteaux","CRGULO",IF(D69="Camp de regroupement d'unité lutins","CRGULI",IF(D69="Camp inter groupe","CIG",IF(D69="Séjours adaptés mineurs","SAM",IF(D69="Séjours adaptés adultes","SAA",IF(D69="Séjours ouverts","SOU",IF(D69="Camp régional ouvert","RO")))))))))))))))) -> CRGUE | AU69: =IF(R69<=20,"A",IF(AND(R69>=21,R69<=50),"B",IF(AND(R69>=51,R69<=80),"C",IF(R69>80,"D")))) -> B | AV69: T | AW69: =BV69/BW69 -> #DIV/0!
A70: 69 | B70: Boulogne Laperouse | C70: Ile de France | D70: Camp de groupe | F70: 43289 | G70: 43310 | H70: 14 | I70: 5 | J70: 34 | K70: 7 | L70: 58 | M70: 7 | N70: 0 | O70: 0 | P70: 4 | Q70: 3 | R70: =H70+J70+L70+N70+P70 -> 110 | S70: =I70+K70+M70+O70+Q70 -> 22 | T70: =S70/R70 -> 0.2 | U70: =R70+S70 -> 132 | V70: -4 | W70: 1 | X70: -5 | Z70: -5 | AD70: 4 | AF70: Camp fixe sous tente avec appui en dur | AG70: Etueffont | AJ70: 90041 | AK70: CPN | AL70: HERVE Thibault | AM70: thibault_rv@hotmail.fr | AN70: 627951394 | AO70: DE LAPOYADE Dorothée | AP70: 07 | AQ70: 90 | AR70: Franche Comté | AS70: G | AT70: =IF(D70="Camp d'unité Ainés","CUA",IF(D70="camp d'unité éclés","CUE",IF(D70="Camp d'unité louveteaux","CULO",IF(D70="Camp d'unité lutins","CULI",IF(D70="Camp de groupe","CG",IF(D70="Camp régional","CR",IF(D70="Camp de regroupement","CGG",IF(D70="Camp de regroupement d'unité Ainés","CRGUA",IF(D70="Camp de regroupement d'unité éclés","CRGUE",IF(D70="Camp de regroupement d'unité louveteaux","CRGULO",IF(D70="Camp de regroupement d'unité lutins","CRGULI",IF(D70="Camp inter groupe","CIG",IF(D70="Séjours adaptés mineurs","SAM",IF(D70="Séjours adaptés adultes","SAA",IF(D70="Séjours ouverts","SOU",IF(D70="Camp régional ouvert","RO")))))))))))))))) -> CG | AU70: =IF(R70<=20,"A",IF(AND(R70>=21,R70<=50),"B",IF(AND(R70>=51,R70<=80),"C",IF(R70>80,"D")))) -> D | AV70: T | AW70: =BV70/BW70 -> #DIV/0!
A71: 70 | B71: Boulogne Laperouse | C71: Ile de France | D71: Camp d'unité Ainés | F71: 43317 | G71: 43339 | H71: 0 | I71: 0 | J71: 0 | K71: 0 | L71: 0 | M71: 0 | N71: 19 | O71: 3 | P71: 0 | Q71: 1 | R71: =H71+J71+L71+N71+P71 -> 19 | S71: =I71+K71+M71+O71+Q71 -> 4 | T71: =S71/R71 -> 0.21052632 | U71: =R71+S71 -> 23 | AF71: Camp fixe sous tente avec appui en dur | AH71: Côte d'Ivoire | AJ71: Eclaireuses Laïque de Côte d'Ivoire Centre Kimou N'Guessan Faustin Agbaville Côte d'Ivoire | AK71: ETRANGER | AL71: ANTITENE Stéphanie | AM71: antitenes@gmail.com | AN71: 642674494 | AO71: DE LAPOYADE Dorothée | AP71: 08 | AS71: G | AT71: =IF(D71="Camp d'unité Ainés","CUA",IF(D71="camp d'unité éclés","CUE",IF(D71="Camp d'unité louveteaux","CULO",IF(D71="Camp d'unité lutins","CULI",IF(D71="Camp de groupe","CG",IF(D71="Camp régional","CR",IF(D71="Camp de regroupement","CGG",IF(D71="Camp de regroupement d'unité Ainés","CRGUA",IF(D71="Camp de regroupement d'unité éclés","CRGUE",IF(D71="Camp de regroupement d'unité louveteaux","CRGULO",IF(D71="Camp de regroupement d'unité lutins","CRGULI",IF(D71="Camp inter groupe","CIG",IF(D71="Séjours adaptés mineurs","SAM",IF(D71="Séjours adaptés adultes","SAA",IF(D71="Séjours ouverts","SOU",IF(D71="Camp régional ouvert","RO")))))))))))))))) -> CUA | AU71: =IF(R71<=20,"A",IF(AND(R71>=21,R71<=50),"B",IF(AND(R71>=51,R71<=80),"C",IF(R71>80,"D")))) -> A | AV71: T | AW71: =BV71/BW71 -> #DIV/0!
A72: 71 | B72: St Cyprien | C72: Midi Pyrénées | D72: Camp d'unité Ainés | F72: 43296 | G72: 43310 | H72: 0 | I72: 0 | J72: 0 | K72: 0 | L72: 0 | M72: 0 | N72: 7 | O72: 2 | P72: 0 | Q72: 0 | R72: =H72+J72+L72+N72+P72 -> 7 | S72: =I72+K72+M72+O72+Q72 -> 2 | T72: =S72/R72 -> 0.28571429 | U72: =R72+S72 -> 9 | AB72: -1 | AF72: Camp fixe sous tente sans appui en dur | AG72: Belmont | AJ72: Le Château 32190 BELMONT | AK72: EXT | AL72: MICHEL Théo | AM72: dj-to@live.fr | AN72: 689481728 | AO72: PEGLIASCO Cori | AP72: 07 | AQ72: 32 | AR72: Midi Pyrénées | AS72: G | AT72: =IF(D72="Camp d'unité Ainés","CUA",IF(D72="camp d'unité éclés","CUE",IF(D72="Camp d'unité louveteaux","CULO",IF(D72="Camp d'unité lutins","CULI",IF(D72="Camp de groupe","CG",IF(D72="Camp régional","CR",IF(D72="Camp de regroupement","CGG",IF(D72="Camp de regroupement d'unité Ainés","CRGUA",IF(D72="Camp de regroupement d'unité éclés","CRGUE",IF(D72="Camp de regroupement d'unité louveteaux","CRGULO",IF(D72="Camp de regroupement d'unité lutins","CRGULI",IF(D72="Camp inter groupe","CIG",IF(D72="Séjours adaptés mineurs","SAM",IF(D72="Séjours adaptés adultes","SAA",IF(D72="Séjours ouverts","SOU",IF(D72="Camp régional ouvert","RO")))))))))))))))) -> CUA | AU72: =IF(R72<=20,"A",IF(AND(R72>=21,R72<=50),"B",IF(AND(R72>=51,R72<=80),"C",IF(R72>80,"D")))) -> A | AV72: T | AW72: =BV72/BW72 -> #DIV/0!
A73: 72 | B73: Ariège/Foix | C73: Midi Pyrénées | D73: Camp de groupe | F73: 43292 | G73: 43306 | H73: 10 | I73: 3 | J73: 11 | K73: 3 | L73: 0 | M73: 0 | N73: 0 | O73: 0 | P73: 0 | Q73: 0 | R73: =H73+J73+L73+N73+P73 -> 21 | S73: =I73+K73+M73+O73+Q73 -> 6 | T73: =S73/R73 -> 0.28571429 | U73: =R73+S73 -> 27 | V73: -1 | X73: -2 | AF73: Camp fixe sous tente avec appui en dur | AG73: Larrau | AJ73: Mairie de Iraty Chalets d'Iraty Camping municipale 64560 LARRAU | AK73: CAMPING | AL73: IBRAHIM Rabouanti | AM73: rabouantibrahime@hotmail.fr | AN73: 661564226 | AO73: RODIER Alice | AP73: 07 | AQ73: 64 | AR73: Aquitaine | AS73: G | AT73: =IF(D73="Camp d'unité Ainés","CUA",IF(D73="camp d'unité éclés","CUE",IF(D73="Camp d'unité louveteaux","CULO",IF(D73="Camp d'unité lutins","CULI",IF(D73="Camp de groupe","CG",IF(D73="Camp régional","CR",IF(D73="Camp de regroupement","CGG",IF(D73="Camp de regroupement d'unité Ainés","CRGUA",IF(D73="Camp de regroupement d'unité éclés","CRGUE",IF(D73="Camp de regroupement d'unité louveteaux","CRGULO",IF(D73="Camp de regroupement d'unité lutins","CRGULI",IF(D73="Camp inter groupe","CIG",IF(D73="Séjours adaptés mineurs","SAM",IF(D73="Séjours adaptés adultes","SAA",IF(D73="Séjours ouverts","SOU",IF(D73="Camp régional ouvert","RO")))))))))))))))) -> CG | AU73: =IF(R73<=20,"A",IF(AND(R73>=21,R73<=50),"B",IF(AND(R73>=51,R73<=80),"C",IF(R73>80,"D")))) -> B | AV73: T | AW73: =BV73/BW73 -> #DIV/0!
A74: 73 | B74: Ariège/Foix | C74: Midi Pyrénées | D74: Camp d'unité éclés | F74: 43292 | G74: 43306 | H74: 0 | I74: 0 | J74: 0 | K74: 0 | L74: 8 | M74: 2 | N74: 0 | O74: 0 | P74: 0 | Q74: 1 | R74: =H74+J74+L74+N74+P74 -> 8 | S74: =I74+K74+M74+O74+Q74 -> 3 | T74: =S74/R74 -> 0.375 | U74: =R74+S74 -> 11 | Z74: -3 | AE74: 1 | AF74: Camp fixe sous tente avec appui en dur | AG74: Larrau | AJ74: Mairie de Iraty Chalets d'Iraty Camping municipale 64560 LARRAU | AK74: CAMPING | AL74: IMART Alexia | AM74: alexia.imart@cegetel.net | AN74: 619509085 | AO74: RODIER Alice | AP74: 07 | AQ74: 64 | AR74: Aquitaine | AS74: G | AT74: =IF(D74="Camp d'unité Ainés","CUA",IF(D74="camp d'unité éclés","CUE",IF(D74="Camp d'unité louveteaux","CULO",IF(D74="Camp d'unité lutins","CULI",IF(D74="Camp de groupe","CG",IF(D74="Camp régional","CR",IF(D74="Camp de regroupement","CGG",IF(D74="Camp de regroupement d'unité Ainés","CRGUA",IF(D74="Camp de regroupement d'unité éclés","CRGUE",IF(D74="Camp de regroupement d'unité louveteaux","CRGULO",IF(D74="Camp de regroupement d'unité lutins","CRGULI",IF(D74="Camp inter groupe","CIG",IF(D74="Séjours adaptés mineurs","SAM",IF(D74="Séjours adaptés adultes","SAA",IF(D74="Séjours ouverts","SOU",IF(D74="Camp régional ouvert","RO")))))))))))))))) -> CUE | AU74: =IF(R74<=20,"A",IF(AND(R74>=21,R74<=50),"B",IF(AND(R74>=51,R74<=80),"C",IF(R74>80,"D")))) -> A | AV74: T | AW74: =BV74/BW74 -> #DIV/0!
A75: 74 | B75: Bois Colombes | C75: Ile de France | D75: Camp de groupe | F75: 43287 | G75: 43310 | H75: 8 | I75: 5 | J75: 20 | K75: 4 | L75: 27 | M75: 4 | N75: 4 | O75: 2 | P75: 0 | Q75: 4 | R75: =H75+J75+L75+N75+P75 -> 59 | S75: =I75+K75+M75+O75+Q75 -> 19 | T75: =S75/R75 -> 0.3220339 | U75: =R75+S75 -> 78 | V75: -1 | W75: 1 | X75: -2 | Z75: -3 | AA75: -1 | AB75: -1 | AC75: 1 | AE75: 1 | AF75: Camp fixe sous tente sans appui en dur | AG75: Serent | AJ75: Bertrand Lecadre Lieu Dit Trévero 56460 SERENT | AK75: EXT | AL75: THABEAU Clotilde | AM75: clotilde.thabeau@gmail.com | AN75: 606735391 | AO75: FOURNIER Alain | AP75: 07 | AQ75: 56 | AR75: Bretagne | AS75: G | AT75: =IF(D75="Camp d'unité Ainés","CUA",IF(D75="camp d'unité éclés","CUE",IF(D75="Camp d'unité louveteaux","CULO",IF(D75="Camp d'unité lutins","CULI",IF(D75="Camp de groupe","CG",IF(D75="Camp régional","CR",IF(D75="Camp de regroupement","CGG",IF(D75="Camp de regroupement d'unité Ainés","CRGUA",IF(D75="Camp de regroupement d'unité éclés","CRGUE",IF(D75="Camp de regroupement d'unité louveteaux","CRGULO",IF(D75="Camp de regroupement d'unité lutins","CRGULI",IF(D75="Camp inter groupe","CIG",IF(D75="Séjours adaptés mineurs","SAM",IF(D75="Séjours adaptés adultes","SAA",IF(D75="Séjours ouverts","SOU",IF(D75="Camp régional ouvert","RO")))))))))))))))) -> CG | AU75: =IF(R75<=20,"A",IF(AND(R75>=21,R75<=50),"B",IF(AND(R75>=51,R75<=80),"C",IF(R75>80,"D")))) -> C | AV75: T | AW75: =BV75/BW75 -> #DIV/0!
A76: 75 | B76: Dinan | C76: Bretagne | D76: Camp de groupe | F76: 43291 | G76: 43308 | H76: 0 | I76: 0 | J76: 15 | K76: 3 | L76: 20 | M76: 4 | N76: 7 | O76: 1 | P76: 0 | Q76: 5 | R76: =H76+J76+L76+N76+P76 -> 42 | S76: =I76+K76+M76+O76+Q76 -> 13 | T76: =S76/R76 -> 0.30952381 | U76: =R76+S76 -> 55 | V76: -8 | W76: -2 | X76: 3 | Y76: 1 | Z76: -4 | AA76: -1 | AB76: -1 | AC76: -1 | AE76: 5 | AF76: Camp fixe sous tente avec appui en dur | AG76: Foussais Payre | AJ76: Le Bourg 85240 FOUSSAIS PAYRE | AK76: EXT | AL76: DANIEL Nicole | AM76: daniel.nicole28@orange.fr | AN76: 688907836 | AO76: RUCAY Géraldine | AP76: 07 | AQ76: 85 | AR76: Bretagne | AS76: G | AT76: =IF(D76="Camp d'unité Ainés","CUA",IF(D76="camp d'unité éclés","CUE",IF(D76="Camp d'unité louveteaux","CULO",IF(D76="Camp d'unité lutins","CULI",IF(D76="Camp de groupe","CG",IF(D76="Camp régional","CR",IF(D76="Camp de regroupement","CGG",IF(D76="Camp de regroupement d'unité Ainés","CRGUA",IF(D76="Camp de regroupement d'unité éclés","CRGUE",IF(D76="Camp de regroupement d'unité louveteaux","CRGULO",IF(D76="Camp de regroupement d'unité lutins","CRGULI",IF(D76="Camp inter groupe","CIG",IF(D76="Séjours adaptés mineurs","SAM",IF(D76="Séjours adaptés adultes","SAA",IF(D76="Séjours ouverts","SOU",IF(D76="Camp régional ouvert","RO")))))))))))))))) -> CG | AU76: =IF(R76<=20,"A",IF(AND(R76>=21,R76<=50),"B",IF(AND(R76>=51,R76<=80),"C",IF(R76>80,"D")))) -> B | AV76: T | AW76: =BV76/BW76 -> #DIV/0!
A77: 76 | B77: Haut Val de Marne | C77: Ile de France | D77: Camp de groupe | F77: 43311 | G77: 43322 | H77: 0 | I77: 0 | J77: 19 | K77: 4 | L77: 11 | M77: 2 | N77: 0 | O77: 0 | P77: 0 | Q77: 4 | R77: =H77+J77+L77+N77+P77 -> 30 | S77: =I77+K77+M77+O77+Q77 -> 10 | T77: =S77/R77 -> 0.33333333 | U77: =R77+S77 -> 40 | X77: -7 | Y77: 1 | Z77: 1 | AF77: Camp fixe sous tente avec appui en dur | AG77: Ferrières sur Sichon | AJ77: Lieu dit Le Bréant 03250 FERRIERES SUR SICHON | AK77: LOCATION | AL77: DETRILLE François | AM77: francois.detrille@gmail.com | AN77: 678808063 | AO77: MENDES ARMAND Virginia | AP77: 07/08 | AQ77: 03 | AR77: Auvergne | AS77: G | AT77: =IF(D77="Camp d'unité Ainés","CUA",IF(D77="camp d'unité éclés","CUE",IF(D77="Camp d'unité louveteaux","CULO",IF(D77="Camp d'unité lutins","CULI",IF(D77="Camp de groupe","CG",IF(D77="Camp régional","CR",IF(D77="Camp de regroupement","CGG",IF(D77="Camp de regroupement d'unité Ainés","CRGUA",IF(D77="Camp de regroupement d'unité éclés","CRGUE",IF(D77="Camp de regroupement d'unité louveteaux","CRGULO",IF(D77="Camp de regroupement d'unité lutins","CRGULI",IF(D77="Camp inter groupe","CIG",IF(D77="Séjours adaptés mineurs","SAM",IF(D77="Séjours adaptés adultes","SAA",IF(D77="Séjours ouverts","SOU",IF(D77="Camp régional ouvert","RO")))))))))))))))) -> CG | AU77: =IF(R77<=20,"A",IF(AND(R77>=21,R77<=50),"B",IF(AND(R77>=51,R77<=80),"C",IF(R77>80,"D")))) -> B | AV77: T | AW77: =BV77/BW77 -> #DIV/0!
A78: 77 | B78: Lyon Croix Rousse | C78: Rhône Alpes | D78: Camp d'unité Ainés | F78: 43312 | G78: 43339 | H78: 0 | I78: 0 | J78: 0 | K78: 0 | L78: 0 | M78: 0 | N78: 7 | O78: 2 | P78: 0 | Q78: 0 | R78: =H78+J78+L78+N78+P78 -> 7 | S78: =I78+K78+M78+O78+Q78 -> 2 | T78: =S78/R78 -> 0.28571429 | U78: =R78+S78 -> 9 | AF78: Camp fixe sous tente avec appui en dur | AH78: Sri Lanka | AJ78: Itinérant | AK78: ETRANGER | AL78: LAFONT Cedric | AM78: celafont@live.fr | AN78: 615816080 | AO78: NEUFSELLE Gaspard | AP78: 07/08 | AS78: G | AT78: =IF(D78="Camp d'unité Ainés","CUA",IF(D78="camp d'unité éclés","CUE",IF(D78="Camp d'unité louveteaux","CULO",IF(D78="Camp d'unité lutins","CULI",IF(D78="Camp de groupe","CG",IF(D78="Camp régional","CR",IF(D78="Camp de regroupement","CGG",IF(D78="Camp de regroupement d'unité Ainés","CRGUA",IF(D78="Camp de regroupement d'unité éclés","CRGUE",IF(D78="Camp de regroupement d'unité louveteaux","CRGULO",IF(D78="Camp de regroupement d'unité lutins","CRGULI",IF(D78="Camp inter groupe","CIG",IF(D78="Séjours adaptés mineurs","SAM",IF(D78="Séjours adaptés adultes","SAA",IF(D78="Séjours ouverts","SOU",IF(D78="Camp régional ouvert","RO")))))))))))))))) -> CUA | AU78: =IF(R78<=20,"A",IF(AND(R78>=21,R78<=50),"B",IF(AND(R78>=51,R78<=80),"C",IF(R78>80,"D")))) -> A | AV78: T | AW78: =BV78/BW78 -> #DIV/0!
A79: 78 | B79: Talant | C79: Bourgogne/Franche Comte | D79: Camp de groupe | F79: 43294 | G79: 43308 | H79: 0 | I79: 0 | J79: 8 | K79: 3 | L79: 15 | M79: 3 | N79: 4 | O79: 1 | P79: 0 | Q79: 2 | R79: =H79+J79+L79+N79+P79 -> 27 | S79: =I79+K79+M79+O79+Q79 -> 9 | T79: =S79/R79 -> 0.33333333 | U79: =R79+S79 -> 36 | V79: -3 | W79: -1 | X79: 4 | Y79: 1 | Z79: 0 | AA79: 1 | AB79: 0 | AC79: 1 | AE79: -1 | AF79: Camp fixe sous tente sans appui en dur | AG79: Maîche | AJ79: Camping municipal de Maîche 23 rue Saint Michel 25120 MAÎCHE | AK79: CAMPING | AL79: DEMARQUOY Caroline | AM79: caroline@eedftalant.fr | AN79: 667037901 | AO79: DEMARQUOY Caroline | AP79: 07 | AQ79: 25 | AR79: Franche Comté | AS79: G | AT79: =IF(D79="Camp d'unité Ainés","CUA",IF(D79="camp d'unité éclés","CUE",IF(D79="Camp d'unité louveteaux","CULO",IF(D79="Camp d'unité lutins","CULI",IF(D79="Camp de groupe","CG",IF(D79="Camp régional","CR",IF(D79="Camp de regroupement","CGG",IF(D79="Camp de regroupement d'unité Ainés","CRGUA",IF(D79="Camp de regroupement d'unité éclés","CRGUE",IF(D79="Camp de regroupement d'unité louveteaux","CRGULO",IF(D79="Camp de regroupement d'unité lutins","CRGULI",IF(D79="Camp inter groupe","CIG",IF(D79="Séjours adaptés mineurs","SAM",IF(D79="Séjours adaptés adultes","SAA",IF(D79="Séjours ouverts","SOU",IF(D79="Camp régional ouvert","RO")))))))))))))))) -> CG | AU79: =IF(R79<=20,"A",IF(AND(R79>=21,R79<=50),"B",IF(AND(R79>=51,R79<=80),"C",IF(R79>80,"D")))) -> B | AV79: T | AW79: =BV79/BW79 -> #DIV/0!
A80: 79 | B80: Dijon Marc d'Or | C80: Bourgogne/Franche Comte | D80: Camp de groupe | F80: 43289 | G80: 43296 | H80: 2 | I80: 1 | J80: 7 | K80: 1 | L80: 7 | M80: 1 | N80: 0 | O80: 0 | P80: 0 | Q80: 3 | R80: =H80+J80+L80+N80+P80 -> 16 | S80: =I80+K80+M80+O80+Q80 -> 6 | T80: =S80/R80 -> 0.375 | U80: =R80+S80 -> 22 | V80: -2 | W80: 0 | X80: 1 | Y80: 0 | Z80: 1 | AA80: 0 | AB80: 0 | AC80: 0 | AD80: 0 | AE80: 2 | AF80: Camp fixe sous tente avec appui en dur | AG80: Chezery Forens | AJ80: 01104 | AK80: CENTRE | AL80: ROSSIGNOL Nicolas | AM80: nicolas.rossignol@bbox.fr | AN80: 380430792 | AO80: ROUSSIGNOL Nicolas | AP80: 07 | AQ80: 01 | AR80: Rhône Alpes | AS80: G | AT80: =IF(D80="Camp d'unité Ainés","CUA",IF(D80="camp d'unité éclés","CUE",IF(D80="Camp d'unité louveteaux","CULO",IF(D80="Camp d'unité lutins","CULI",IF(D80="Camp de groupe","CG",IF(D80="Camp régional","CR",IF(D80="Camp de regroupement","CGG",IF(D80="Camp de regroupement d'unité Ainés","CRGUA",IF(D80="Camp de regroupement d'unité éclés","CRGUE",IF(D80="Camp de regroupement d'unité louveteaux","CRGULO",IF(D80="Camp de regroupement d'unité lutins","CRGULI",IF(D80="Camp inter groupe","CIG",IF(D80="Séjours adaptés mineurs","SAM",IF(D80="Séjours adaptés adultes","SAA",IF(D80="Séjours ouverts","SOU",IF(D80="Camp régional ouvert","RO")))))))))))))))) -> CG | AU80: =IF(R80<=20,"A",IF(AND(R80>=21,R80<=50),"B",IF(AND(R80>=51,R80<=80),"C",IF(R80>80,"D")))) -> A | AV80: T | AW80: =BV80/BW80 -> #DIV/0!
A81: 80 | B81: Montpellier 2 Béluga | C81: Languedoc Roussillon | D81: Camp de regroupement | E81: Montpellier 1 | F81: 43290 | G81: 43301 | H81: 3 | I81: 2 | J81: 14 | K81: 4 | L81: 32 | M81: 5 | N81: 0 | O81: 0 | P81: 0 | Q81: 2 | R81: =H81+J81+L81+N81+P81 -> 49 | S81: =I81+K81+M81+O81+Q81 -> 13 | T81: =S81/R81 -> 0.26530612 | U81: =R81+S81 -> 62 | X81: -1 | Z81: 7 | AA81: 1 | AF81: Camp fixe sous tente avec appui en dur | AG81: Valleraugue | AJ81: Aire Intercommunale de Camping de l'Espérou 30570 VALLERAUGUE | AK81: CAMPING | AL81: CABILLIC Vincent | AM81: v.cabillic@live.fr | AN81: 667224128 | AO81: LARTIGUE Philippe | AP81: 07 | AQ81: 30 | AR81: Languedoc Roussillon | AS81: G | AT81: =IF(D81="Camp d'unité Ainés","CUA",IF(D81="camp d'unité éclés","CUE",IF(D81="Camp d'unité louveteaux","CULO",IF(D81="Camp d'unité lutins","CULI",IF(D81="Camp de groupe","CG",IF(D81="Camp régional","CR",IF(D81="Camp de regroupement","CGG",IF(D81="Camp de regroupement d'unité Ainés","CRGUA",IF(D81="Camp de regroupement d'unité éclés","CRGUE",IF(D81="Camp de regroupement d'unité louveteaux","CRGULO",IF(D81="Camp de regroupement d'unité lutins","CRGULI",IF(D81="Camp inter groupe","CIG",IF(D81="Séjours adaptés mineurs","SAM",IF(D81="Séjours adaptés adultes","SAA",IF(D81="Séjours ouverts","SOU",IF(D81="Camp régional ouvert","RO")))))))))))))))) -> CGG | AU81: =IF(R81<=20,"A",IF(AND(R81>=21,R81<=50),"B",IF(AND(R81>=51,R81<=80),"C",IF(R81>80,"D")))) -> B | AV81: T | AW81: =BV81/BW81 -> #DIV/0!
A82: 81 | B82: Paris 4 vents | C82: Ile de France | D82: Camp de groupe | F82: 43295 | G82: 43309 | H82: 0 | I82: 0 | J82: 9 | K82: 1 | L82: 8 | M82: 1 | N82: 0 | O82: 0 | P82: 0 | Q82: 1 | R82: =H82+J82+L82+N82+P82 -> 17 | S82: =I82+K82+M82+O82+Q82 -> 3 | T82: =S82/R82 -> 0.17647059 | U82: =R82+S82 -> 20 | X82: -5 | Y82: -1 | Z82: 4 | AE82: 1 | AF82: Camp fixe sous tente avec appui en dur | AG82: Genté | AJ82: M.Joly 16 rue des Bélougeats 16110 GENTE | AK82: EXT | AL82: CASTEL Stéphane | AM82: stephanimateur@live.fr | AN82: 672393238 | AO82: DEMACHY Alexandre | AP82: 07 | AQ82: 16 | AR82: Poitou Charente | AS82: G | AT82: =IF(D82="Camp d'unité Ainés","CUA",IF(D82="camp d'unité éclés","CUE",IF(D82="Camp d'unité louveteaux","CULO",IF(D82="Camp d'unité lutins","CULI",IF(D82="Camp de groupe","CG",IF(D82="Camp régional","CR",IF(D82="Camp de regroupement","CGG",IF(D82="Camp de regroupement d'unité Ainés","CRGUA",IF(D82="Camp de regroupement d'unité éclés","CRGUE",IF(D82="Camp de regroupement d'unité louveteaux","CRGULO",IF(D82="Camp de regroupement d'unité lutins","CRGULI",IF(D82="Camp inter groupe","CIG",IF(D82="Séjours adaptés mineurs","SAM",IF(D82="Séjours adaptés adultes","SAA",IF(D82="Séjours ouverts","SOU",IF(D82="Camp régional ouvert","RO")))))))))))))))) -> CG | AU82: =IF(R82<=20,"A",IF(AND(R82>=21,R82<=50),"B",IF(AND(R82>=51,R82<=80),"C",IF(R82>80,"D")))) -> A | AV82: T | AW82: =BV82/BW82 -> #DIV/0!
A83: 82 | B83: Lauragais | C83: Midi Pyrénées | D83: Camp de regroupement d'unité éclés | E83: Volvestre | F83: 43289 | G83: 43306 | H83: 0 | I83: 0 | J83: 0 | K83: 0 | L83: 33 | M83: 8 | N83: 0 | O83: 0 | P83: 0 | Q83: 0 | R83: =H83+J83+L83+N83+P83 -> 33 | S83: =I83+K83+M83+O83+Q83 -> 8 | T83: =S83/R83 -> 0.24242424 | U83: =R83+S83 -> 41 | Z83: 5 | AA83: 1 | AF83: Camp fixe sous tente avec appui en dur | AG83: Curvalle | AJ83: Ferme de Burgas 81250 CURVALLE | AK83: FERME | AL83: LOUPY Gaël | AM83: loupyg@gmail.com | AN83: 681939728 | AO83: BRYON Jacques | AP83: 07 | AQ83: 81 | AR83: Midi Pyrénées | AS83: G | AT83: =IF(D83="Camp d'unité Ainés","CUA",IF(D83="camp d'unité éclés","CUE",IF(D83="Camp d'unité louveteaux","CULO",IF(D83="Camp d'unité lutins","CULI",IF(D83="Camp de groupe","CG",IF(D83="Camp régional","CR",IF(D83="Camp de regroupement","CGG",IF(D83="Camp de regroupement d'unité Ainés","CRGUA",IF(D83="Camp de regroupement d'unité éclés","CRGUE",IF(D83="Camp de regroupement d'unité louveteaux","CRGULO",IF(D83="Camp de regroupement d'unité lutins","CRGULI",IF(D83="Camp inter groupe","CIG",IF(D83="Séjours adaptés mineurs","SAM",IF(D83="Séjours adaptés adultes","SAA",IF(D83="Séjours ouverts","SOU",IF(D83="Camp régional ouvert","RO")))))))))))))))) -> CRGUE | AU83: =IF(R83<=20,"A",IF(AND(R83>=21,R83<=50),"B",IF(AND(R83>=51,R83<=80),"C",IF(R83>80,"D")))) -> B
A84: 83 | B84: Muret | C84: Midi Pyrénées | D84: Camp d'unité louveteaux | F84: 43296 | G84: 43310 | H84: 0 | I84: 0 | J84: 35 | K84: 6 | L84: 0 | M84: 0 | N84: 0 | O84: 0 | P84: 0 | Q84: 0 | R84: =H84+J84+L84+N84+P84 -> 35 | S84: =I84+K84+M84+O84+Q84 -> 6 | T84: =S84/R84 -> 0.17142857 | U84: =R84+S84 -> 41 | Y84: -1 | AF84: Camp fixe sous tente avec appui en dur | AG84: Vabre | AJ84: Camping de la Vallée du Roussy Vabre Route de Vabre 81330 VABRE | AK84: CAMPING | AL84: ZIMPFER Claire Line | AM84: claireline.zimpfer@laposte.net | AN84: 635313553 | AO84: ARNEODO Pascale | AP84: 07 | AQ84: 81 | AR84: Midi Pyrénées | AS84: G | AT84: =IF(D84="Camp d'unité Ainés","CUA",IF(D84="camp d'unité éclés","CUE",IF(D84="Camp d'unité louveteaux","CULO",IF(D84="Camp d'unité lutins","CULI",IF(D84="Camp de groupe","CG",IF(D84="Camp régional","CR",IF(D84="Camp de regroupement","CGG",IF(D84="Camp de regroupement d'unité Ainés","CRGUA",IF(D84="Camp de regroupement d'unité éclés","CRGUE",IF(D84="Camp de regroupement d'unité louveteaux","CRGULO",IF(D84="Camp de regroupement d'unité lutins","CRGULI",IF(D84="Camp inter groupe","CIG",IF(D84="Séjours adaptés mineurs","SAM",IF(D84="Séjours adaptés adultes","SAA",IF(D84="Séjours ouverts","SOU",IF(D84="Camp régional ouvert","RO")))))))))))))))) -> CULO | AU84: =IF(R84<=20,"A",IF(AND(R84>=21,R84<=50),"B",IF(AND(R84>=51,R84<=80),"C",IF(R84>80,"D")))) -> B
A85: 84 | B85: Volvestre | C85: Midi Pyrénées | D85: Camp de groupe | F85: 43290 | G85: 43303 | H85: 11 | I85: 5 | J85: 17 | K85: 5 | L85: 0 | M85: 0 | N85: 0 | O85: 0 | P85: 0 | Q85: 0 | R85: =H85+J85+L85+N85+P85 -> 28 | S85: =I85+K85+M85+O85+Q85 -> 10 | T85: =S85/R85 -> 0.35714286 | U85: =R85+S85 -> 38 | V85: -3 | X85: -5 | Y85: -2 | AF85: Camp fixe sous tente sans appui en dur | AJ85: EDF Labrioulette 31220 CAZERES SUR GARONNE | AK85: EXT | AL85: BRETAUDEAU Martin | AM85: martin.bretaudeau@orange.fr | AN85: 645560036 | AO85: MERLET Christine | AP85: 07 | AQ85: 31 | AR85: Midi Pyrénées | AS85: G | AT85: =IF(D85="Camp d'unité Ainés","CUA",IF(D85="camp d'unité éclés","CUE",IF(D85="Camp d'unité louveteaux","CULO",IF(D85="Camp d'unité lutins","CULI",IF(D85="Camp de groupe","CG",IF(D85="Camp régional","CR",IF(D85="Camp de regroupement","CGG",IF(D85="Camp de regroupement d'unité Ainés","CRGUA",IF(D85="Camp de regroupement d'unité éclés","CRGUE",IF(D85="Camp de regroupement d'unité louveteaux","CRGULO",IF(D85="Camp de regroupement d'unité lutins","CRGULI",IF(D85="Camp inter groupe","CIG",IF(D85="Séjours adaptés mineurs","SAM",IF(D85="Séjours adaptés adultes","SAA",IF(D85="Séjours ouverts","SOU",IF(D85="Camp régional ouvert","RO")))))))))))))))) -> CG | AU85: =IF(R85<=20,"A",IF(AND(R85>=21,R85<=50),"B",IF(AND(R85>=51,R85<=80),"C",IF(R85>80,"D")))) -> B
A86: 85 | B86: St Cyprien | C86: Midi Pyrénées | D86: Camp de regroupement d'unité louveaux | E86: Millau St Afrique | F86: 43293 | G86: 43307 | H86: 0 | I86: 0 | J86: 0 | K86: 0 | L86: 0 | M86: 0 | N86: 0 | O86: 0 | P86: 0 | Q86: 0 | R86: =H86+J86+L86+N86+P86 -> 0 | S86: =I86+K86+M86+O86+Q86 -> 0 | T86: =S86/R86 -> #DIV/0! | U86: =R86+S86 -> 0 | AF86: Camp fixe sous tente avec appui en dur | AG86: Pampelonne | AJ86: Centre EEDF Fourcheval 81000 PAMPELONNE | AL86: PARISOT Louis | AM86: moaloulou@free.fr | AN86: 609632944 | AO86: PEGLIASCO Cori | AP86: 07 | AR86: Midi Pyrénées | AS86: G | AT86: =IF(D86="Camp d'unité Ainés","CUA",IF(D86="camp d'unité éclés","CUE",IF(D86="Camp d'unité louveteaux","CULO",IF(D86="Camp d'unité lutins","CULI",IF(D86="Camp de groupe","CG",IF(D86="Camp régional","CR",IF(D86="Camp de regroupement","CGG",IF(D86="Camp de regroupement d'unité Ainés","CRGUA",IF(D86="Camp de regroupement d'unité éclés","CRGUE",IF(D86="Camp de regroupement d'unité louveteaux","CRGULO",IF(D86="Camp de regroupement d'unité lutins","CRGULI",IF(D86="Camp inter groupe","CIG",IF(D86="Séjours adaptés mineurs","SAM",IF(D86="Séjours adaptés adultes","SAA",IF(D86="Séjours ouverts","SOU",IF(D86="Camp régional ouvert","RO")))))))))))))))) -> FALSE | AU86: =IF(R86<=20,"A",IF(AND(R86>=21,R86<=50),"B",IF(AND(R86>=51,R86<=80),"C",IF(R86>80,"D")))) -> A
A87: 86 | B87: La Salvetat St Gilles | C87: Midi Pyrénées | D87: Camp d'unité Ainés | F87: 43286 | G87: 43296 | H87: 0 | I87: 0 | J87: 0 | K87: 0 | L87: 0 | M87: 0 | N87: 8 | O87: 2 | P87: 0 | Q87: 0 | R87: =H87+J87+L87+N87+P87 -> 8 | S87: =I87+K87+M87+O87+Q87 -> 2 | T87: =S87/R87 -> 0.25 | U87: =R87+S87 -> 10 | AF87: Camp fixe sous tente avec appui en dur | AH87: Maroc | AJ87: Brahim BANTOUR Sidi Kahouki Surf Shop Plage de Sidi Kahoudi Maroc | AK87: ETRANGER | AL87: CLAVEAU Corinne | AM87: corinne@claveau.net | AN87: 683100535 | AO87: BOISGARD Pascal | AP87: 07 | AS87: G | AT87: =IF(D87="Camp d'unité Ainés","CUA",IF(D87="camp d'unité éclés","CUE",IF(D87="Camp d'unité louveteaux","CULO",IF(D87="Camp d'unité lutins","CULI",IF(D87="Camp de groupe","CG",IF(D87="Camp régional","CR",IF(D87="Camp de regroupement","CGG",IF(D87="Camp de regroupement d'unité Ainés","CRGUA",IF(D87="Camp de regroupement d'unité éclés","CRGUE",IF(D87="Camp de regroupement d'unité louveteaux","CRGULO",IF(D87="Camp de regroupement d'unité lutins","CRGULI",IF(D87="Camp inter groupe","CIG",IF(D87="Séjours adaptés mineurs","SAM",IF(D87="Séjours adaptés adultes","SAA",IF(D87="Séjours ouverts","SOU",IF(D87="Camp régional ouvert","RO")))))))))))))))) -> CUA | AU87: =IF(R87<=20,"A",IF(AND(R87>=21,R87<=50),"B",IF(AND(R87>=51,R87<=80),"C",IF(R87>80,"D")))) -> A
A88: 87 | B88: Odyssée | C88: Midi Pyrénées | D88: Camp de groupe | F88: 43289 | G88: 43303 | H88: 2 | I88: 1 | J88: 12 | K88: 3 | L88: 0 | M88: 0 | N88: 0 | O88: 0 | P88: 0 | Q88: 0 | R88: =H88+J88+L88+N88+P88 -> 14 | S88: =I88+K88+M88+O88+Q88 -> 4 | T88: =S88/R88 -> 0.28571429 | U88: =R88+S88 -> 18 | V88: 1 | X88: -2 | Y88: -1 | AF88: Camp fixe sous tente avec appui en dur | AG88: Verrières | AJ88: 12131 | AK88: CPNB | AL88: COSTES Maxime | AM88: costesmax@gmail.com | AN88: 781835626 | AO88: COSTES Sandrine | AP88: 07 | AQ88: 12 | AR88: Midi Pyrénées | AS88: G | AT88: =IF(D88="Camp d'unité Ainés","CUA",IF(D88="camp d'unité éclés","CUE",IF(D88="Camp d'unité louveteaux","CULO",IF(D88="Camp d'unité lutins","CULI",IF(D88="Camp de groupe","CG",IF(D88="Camp régional","CR",IF(D88="Camp de regroupement","CGG",IF(D88="Camp de regroupement d'unité Ainés","CRGUA",IF(D88="Camp de regroupement d'unité éclés","CRGUE",IF(D88="Camp de regroupement d'unité louveteaux","CRGULO",IF(D88="Camp de regroupement d'unité lutins","CRGULI",IF(D88="Camp inter groupe","CIG",IF(D88="Séjours adaptés mineurs","SAM",IF(D88="Séjours adaptés adultes","SAA",IF(D88="Séjours ouverts","SOU",IF(D88="Camp régional ouvert","RO")))))))))))))))) -> CG | AU88: =IF(R88<=20,"A",IF(AND(R88>=21,R88<=50),"B",IF(AND(R88>=51,R88<=80),"C",IF(R88>80,"D")))) -> A
A89: 88 | B89: Muret | C89: Midi Pyrénées | D89: Camp d'unité éclés | F89: 43289 | G89: 43309 | H89: 0 | I89: 0 | J89: 0 | K89: 0 | L89: 7 | M89: 4 | N89: 0 | O89: 0 | P89: 0 | Q89: 0 | R89: =H89+J89+L89+N89+P89 -> 7 | S89: =I89+K89+M89+O89+Q89 -> 4 | T89: =S89/R89 -> 0.57142857 | U89: =R89+S89 -> 11 | Z89: -2 | AF89: Camp fixe sous tente avec appui en dur | AG89: ST Hilaire | AJ89: Neige Porte Logis des Vendangeurs 11250 ST HILAIRE | AK89: EXT | AL89: ARNEODO Valentine | AM89: valentine.arneodo@live.fr | AN89: 750474150 | AO89: ARNEODO Pascale | AP89: 07 | AQ89: 11 | AR89: Languedoc Roussillon | AS89: G | AT89: =IF(D89="Camp d'unité Ainés","CUA",IF(D89="camp d'unité éclés","CUE",IF(D89="Camp d'unité louveteaux","CULO",IF(D89="Camp d'unité lutins","CULI",IF(D89="Camp de groupe","CG",IF(D89="Camp régional","CR",IF(D89="Camp de regroupement","CGG",IF(D89="Camp de regroupement d'unité Ainés","CRGUA",IF(D89="Camp de regroupement d'unité éclés","CRGUE",IF(D89="Camp de regroupement d'unité louveteaux","CRGULO",IF(D89="Camp de regroupement d'unité lutins","CRGULI",IF(D89="Camp inter groupe","CIG",IF(D89="Séjours adaptés mineurs","SAM",IF(D89="Séjours adaptés adultes","SAA",IF(D89="Séjours ouverts","SOU",IF(D89="Camp régional ouvert","RO")))))))))))))))) -> CUE | AU89: =IF(R89<=20,"A",IF(AND(R89>=21,R89<=50),"B",IF(AND(R89>=51,R89<=80),"C",IF(R89>80,"D")))) -> A
A90: 89 | B90: Hersain | C90: Midi Pyrénées | D90: Camp d'unité Ainés | F90: 43288 | G90: 43317 | H90: 0 | I90: 0 | J90: 0 | K90: 0 | L90: 0 | M90: 0 | N90: 5 | O90: 2 | P90: 0 | Q90: 0 | R90: =H90+J90+L90+N90+P90 -> 5 | S90: =I90+K90+M90+O90+Q90 -> 2 | T90: =S90/R90 -> 0.4 | U90: =R90+S90 -> 7 | AB90: -1 | AF90: Camp fixe sous tente avec appui en dur | AH90: Croatie | AJ90: ? | AK90: ETRANGER | AL90: PEDOUSSAUT Marlon | AM90: marlon.pedoussaut@live.fr | AN90: 622719070 | AO90: MENGUY Frédéric | AP90: 07/08 | AS90: G | AT90: =IF(D90="Camp d'unité Ainés","CUA",IF(D90="camp d'unité éclés","CUE",IF(D90="Camp d'unité louveteaux","CULO",IF(D90="Camp d'unité lutins","CULI",IF(D90="Camp de groupe","CG",IF(D90="Camp régional","CR",IF(D90="Camp de regroupement","CGG",IF(D90="Camp de regroupement d'unité Ainés","CRGUA",IF(D90="Camp de regroupement d'unité éclés","CRGUE",IF(D90="Camp de regroupement d'unité louveteaux","CRGULO",IF(D90="Camp de regroupement d'unité lutins","CRGULI",IF(D90="Camp inter groupe","CIG",IF(D90="Séjours adaptés mineurs","SAM",IF(D90="Séjours adaptés adultes","SAA",IF(D90="Séjours ouverts","SOU",IF(D90="Camp régional ouvert","RO")))))))))))))))) -> CUA | AU90: =IF(R90<=20,"A",IF(AND(R90>=21,R90<=50),"B",IF(AND(R90>=51,R90<=80),"C",IF(R90>80,"D")))) -> A
A91: 90 | B91: Auch | C91: Midi Pyrénées | D91: Camp de groupe | F91: 43301 | G91: 43308 | H91: 5 | I91: 0 | J91: 14 | K91: 2 | L91: 0 | M91: 0 | N91: 0 | O91: 0 | P91: 0 | Q91: 0 | R91: =H91+J91+L91+N91+P91 -> 19 | S91: =I91+K91+M91+O91+Q91 -> 2 | T91: =S91/R91 -> 0.10526316 | U91: =R91+S91 -> 21 | X91: 2 | Y91: 1 | AF91: Camp fixe sous tente avec appui en dur | AG91: Verrières | AJ91: 12131 | AK91: CPNB | AL91: REGNIER Jean Paul | AN91: 658109468 | AO91: DISCONSI Cédric | AP91: 07 | AQ91: 12 | AR91: Midi Pyrénées | AS91: G | AT91: =IF(D91="Camp d'unité Ainés","CUA",IF(D91="camp d'unité éclés","CUE",IF(D91="Camp d'unité louveteaux","CULO",IF(D91="Camp d'unité lutins","CULI",IF(D91="Camp de groupe","CG",IF(D91="Camp régional","CR",IF(D91="Camp de regroupement","CGG",IF(D91="Camp de regroupement d'unité Ainés","CRGUA",IF(D91="Camp de regroupement d'unité éclés","CRGUE",IF(D91="Camp de regroupement d'unité louveteaux","CRGULO",IF(D91="Camp de regroupement d'unité lutins","CRGULI",IF(D91="Camp inter groupe","CIG",IF(D91="Séjours adaptés mineurs","SAM",IF(D91="Séjours adaptés adultes","SAA",IF(D91="Séjours ouverts","SOU",IF(D91="Camp régional ouvert","RO")))))))))))))))) -> CG | AU91: =IF(R91<=20,"A",IF(AND(R91>=21,R91<=50),"B",IF(AND(R91>=51,R91<=80),"C",IF(R91>80,"D")))) -> A
A92: 91 | B92: Montreuil | C92: Ile de France | D92: Camp de groupe | F92: 43302 | G92: 43310 | H92: 7 | I92: 1 | J92: 7 | K92: 2 | L92: 0 | M92: 0 | N92: 0 | O92: 0 | P92: 0 | Q92: 0 | R92: =H92+J92+L92+N92+P92 -> 14 | S92: =I92+K92+M92+O92+Q92 -> 3 | T92: =S92/R92 -> 0.21428571 | U92: =R92+S92 -> 17 | V92: 1 | W92: -1 | X92: -3 | AE92: -1 | AF92: Camp fixe sous tente avec appui en dur | AG92: Queaux | AJ92: Mairie de Queaux Camping municipal Le Renard route du Gré 86150 QUEAUX | AK92: CAMPING | AL92: FAURE Océane | AM92: oceane-faure@hotmail.fr | AN92: 607425156 | AO92: CORDESSE Olivier | AP92: 07 | AQ92: 86 | AR92: Poitou Charente | AS92: G | AT92: =IF(D92="Camp d'unité Ainés","CUA",IF(D92="camp d'unité éclés","CUE",IF(D92="Camp d'unité louveteaux","CULO",IF(D92="Camp d'unité lutins","CULI",IF(D92="Camp de groupe","CG",IF(D92="Camp régional","CR",IF(D92="Camp de regroupement","CGG",IF(D92="Camp de regroupement d'unité Ainés","CRGUA",IF(D92="Camp de regroupement d'unité éclés","CRGUE",IF(D92="Camp de regroupement d'unité louveteaux","CRGULO",IF(D92="Camp de regroupement d'unité lutins","CRGULI",IF(D92="Camp inter groupe","CIG",IF(D92="Séjours adaptés mineurs","SAM",IF(D92="Séjours adaptés adultes","SAA",IF(D92="Séjours ouverts","SOU",IF(D92="Camp régional ouvert","RO")))))))))))))))) -> CG | AU92: =IF(R92<=20,"A",IF(AND(R92>=21,R92<=50),"B",IF(AND(R92>=51,R92<=80),"C",IF(R92>80,"D")))) -> A
A93: 92 | B93: Montreuil | C93: Ile de France | D93: Camp d'unité éclés | F93: 43297 | G93: 43310 | H93: 0 | I93: 0 | J93: 0 | K93: 0 | L93: 14 | M93: 3 | N93: 0 | O93: 0 | P93: 0 | Q93: 2 | R93: =H93+J93+L93+N93+P93 -> 14 | S93: =I93+K93+M93+O93+Q93 -> 5 | T93: =S93/R93 -> 0.35714286 | U93: =R93+S93 -> 19 | Z93: -2 | AE93: 2 | AF93: Camp fixe sous tente avec appui en dur | AG93: Queaux | AJ93: 86203 | AK93: CENTRE | AL93: COLOMBEL Pierre | AM93: pierrecolombel@lilo.org | AN93: 647575159 | AO93: CORDESSE Olivier | AP93: 07 | AQ93: 86 | AR93: Poitou Charente | AS93: G | AT93: =IF(D93="Camp d'unité Ainés","CUA",IF(D93="camp d'unité éclés","CUE",IF(D93="Camp d'unité louveteaux","CULO",IF(D93="Camp d'unité lutins","CULI",IF(D93="Camp de groupe","CG",IF(D93="Camp régional","CR",IF(D93="Camp de regroupement","CGG",IF(D93="Camp de regroupement d'unité Ainés","CRGUA",IF(D93="Camp de regroupement d'unité éclés","CRGUE",IF(D93="Camp de regroupement d'unité louveteaux","CRGULO",IF(D93="Camp de regroupement d'unité lutins","CRGULI",IF(D93="Camp inter groupe","CIG",IF(D93="Séjours adaptés mineurs","SAM",IF(D93="Séjours adaptés adultes","SAA",IF(D93="Séjours ouverts","SOU",IF(D93="Camp régional ouvert","RO")))))))))))))))) -> CUE | AU93: =IF(R93<=20,"A",IF(AND(R93>=21,R93<=50),"B",IF(AND(R93>=51,R93<=80),"C",IF(R93>80,"D")))) -> A
A94: 93 | B94: Beziers | C94: Languedoc Roussillon | D94: Camp de regroupement | E94: Montredon Labessonnié Rennes Loups Blancs | F94: 43293 | G94: 43307 | H94: 7 | I94: 1 | J94: 27 | K94: 4 | L94: 22 | M94: 3 | N94: 0 | O94: 0 | P94: 0 | Q94: 0 | R94: =H94+J94+L94+N94+P94 -> 56 | S94: =I94+K94+M94+O94+Q94 -> 8 | T94: =S94/R94 -> 0.14285714 | U94: =R94+S94 -> 64 | V94: 2 | W94: -1 | X94: 1 | Y94: 1 | Z94: 2 | AA94: -2 | AF94: Camp fixe sous tente sans appui en dur | AG94: Pampelonne | AJ94: Les Pradals 81190 PAMPELONNE | AK94: CENTRE | AL94: MARTNEZ Clément | AM94: martinez.clement@gmail.com | AN94: 633290155 | AO94: RINALDI Philippe | AP94: 07 | AQ94: 81 | AR94: Midi Pyrénées | AS94: G | AT94: =IF(D94="Camp d'unité Ainés","CUA",IF(D94="camp d'unité éclés","CUE",IF(D94="Camp d'unité louveteaux","CULO",IF(D94="Camp d'unité lutins","CULI",IF(D94="Camp de groupe","CG",IF(D94="Camp régional","CR",IF(D94="Camp de regroupement","CGG",IF(D94="Camp de regroupement d'unité Ainés","CRGUA",IF(D94="Camp de regroupement d'unité éclés","CRGUE",IF(D94="Camp de regroupement d'unité louveteaux","CRGULO",IF(D94="Camp de regroupement d'unité lutins","CRGULI",IF(D94="Camp inter groupe","CIG",IF(D94="Séjours adaptés mineurs","SAM",IF(D94="Séjours adaptés adultes","SAA",IF(D94="Séjours ouverts","SOU",IF(D94="Camp régional ouvert","RO")))))))))))))))) -> CGG | AU94: =IF(R94<=20,"A",IF(AND(R94>=21,R94<=50),"B",IF(AND(R94>=51,R94<=80),"C",IF(R94>80,"D")))) -> C
A95: 94 | B95: Perpignan | C95: Languedoc Roussillon | D95: Camp de regroupement | E95: Romagnat Aurillac | F95: 43290 | G95: 43308 | H95: 4 | I95: 2 | J95: 22 | K95: 4 | L95: 28 | M95: 6 | N95: 0 | O95: 0 | P95: 0 | Q95: 0 | R95: =H95+J95+L95+N95+P95 -> 54 | S95: =I95+K95+M95+O95+Q95 -> 12 | T95: =S95/R95 -> 0.22222222 | U95: =R95+S95 -> 66 | V95: -5 | Y95: -1 | Z95: 4 | AA95: 1 | AB95: -4 | AC95: -1 | AE95: -2 | AF95: Camp fixe sous tente avec appui en dur | AG95: Mas d'Azil | AJ95: Base de Castagnes 09290 MAS D'AZIL | AK95: EXT | AL95: COSTE Frédéric | AM95: fred46c@gmail.com | AN95: 627251358 | AO95: CHARMON Gaëlle | AP95: 07 | AQ95: 09 | AR95: Midi Pyrénées | AS95: G | AT95: =IF(D95="Camp d'unité Ainés","CUA",IF(D95="camp d'unité éclés","CUE",IF(D95="Camp d'unité louveteaux","CULO",IF(D95="Camp d'unité lutins","CULI",IF(D95="Camp de groupe","CG",IF(D95="Camp régional","CR",IF(D95="Camp de regroupement","CGG",IF(D95="Camp de regroupement d'unité Ainés","CRGUA",IF(D95="Camp de regroupement d'unité éclés","CRGUE",IF(D95="Camp de regroupement d'unité louveteaux","CRGULO",IF(D95="Camp de regroupement d'unité lutins","CRGULI",IF(D95="Camp inter groupe","CIG",IF(D95="Séjours adaptés mineurs","SAM",IF(D95="Séjours adaptés adultes","SAA",IF(D95="Séjours ouverts","SOU",IF(D95="Camp régional ouvert","RO")))))))))))))))) -> CGG | AU95: =IF(R95<=20,"A",IF(AND(R95>=21,R95<=50),"B",IF(AND(R95>=51,R95<=80),"C",IF(R95>80,"D")))) -> C
A96: 95 | B96: Dardilly | C96: Rhône Alpes | D96: Camp de groupe | F96: 43292 | G96: 43308 | H96: 0 | I96: 0 | J96: 28 | K96: 7 | L96: 26 | M96: 6 | N96: 0 | O96: 0 | P96: 0 | Q96: 4 | R96: =H96+J96+L96+N96+P96 -> 54 | S96: =I96+K96+M96+O96+Q96 -> 17 | T96: =S96/R96 -> 0.31481481 | U96: =R96+S96 -> 71 | AE96: 2 | AF96: Camp fixe sous tente avec appui en dur | AG96: Arcenant | AJ96: 21017 | AK96: CENTRE | AL96: MOLLARD-FUENTES Marion (Maé) | AM96: mae@ra.eedf.fr | AN96: 06 45 43 69 10 | AO96: HONOLD Marie | AP96: 07 | AQ96: 21 | AR96: Bourgogne | AS96: G | AT96: =IF(D96="Camp d'unité Ainés","CUA",IF(D96="camp d'unité éclés","CUE",IF(D96="Camp d'unité louveteaux","CULO",IF(D96="Camp d'unité lutins","CULI",IF(D96="Camp de groupe","CG",IF(D96="Camp régional","CR",IF(D96="Camp de regroupement","CGG",IF(D96="Camp de regroupement d'unité Ainés","CRGUA",IF(D96="Camp de regroupement d'unité éclés","CRGUE",IF(D96="Camp de regroupement d'unité louveteaux","CRGULO",IF(D96="Camp de regroupement d'unité lutins","CRGULI",IF(D96="Camp inter groupe","CIG",IF(D96="Séjours adaptés mineurs","SAM",IF(D96="Séjours adaptés adultes","SAA",IF(D96="Séjours ouverts","SOU",IF(D96="Camp régional ouvert","RO")))))))))))))))) -> CG | AU96: =IF(R96<=20,"A",IF(AND(R96>=21,R96<=50),"B",IF(AND(R96>=51,R96<=80),"C",IF(R96>80,"D")))) -> C
A97: 96 | B97: Agly | C97: Languedoc Roussillon | D97: Camp de groupe | F97: 43296 | G97: 43309 | H97: 11 | I97: 2 | J97: 18 | K97: 3 | L97: 14 | M97: 2 | N97: 4 | O97: 1 | P97: 0 | Q97: 2 | R97: =H97+J97+L97+N97+P97 -> 47 | S97: =I97+K97+M97+O97+Q97 -> 10 | T97: =S97/R97 -> 0.21276596 | U97: =R97+S97 -> 57 | V97: 3 | W97: -1 | X97: 4 | Y97: -2 | AA97: -1 | AC97: 1 | AE97: -2 | AF97: Camp fixe sous tente avec appui en dur | AG97: Saint Pierre Dels Forcat | AJ97: 66188 | AK97: CPNV | AL97: MASSE Paulette | AM97: eedfagly@orange.fr | AN97: 06 07 65 63 57 | AO97: MASSE Paulette | AP97: 07 | AQ97: 66 | AR97: Languedoc Roussillon | AS97: G | AT97: =IF(D97="Camp d'unité Ainés","CUA",IF(D97="camp d'unité éclés","CUE",IF(D97="Camp d'unité louveteaux","CULO",IF(D97="Camp d'unité lutins","CULI",IF(D97="Camp de groupe","CG",IF(D97="Camp régional","CR",IF(D97="Camp de regroupement","CGG",IF(D97="Camp de regroupement d'unité Ainés","CRGUA",IF(D97="Camp de regroupement d'unité éclés","CRGUE",IF(D97="Camp de regroupement d'unité louveteaux","CRGULO",IF(D97="Camp de regroupement d'unité lutins","CRGULI",IF(D97="Camp inter groupe","CIG",IF(D97="Séjours adaptés mineurs","SAM",IF(D97="Séjours adaptés adultes","SAA",IF(D97="Séjours ouverts","SOU",IF(D97="Camp régional ouvert","RO")))))))))))))))) -> CG | AU97: =IF(R97<=20,"A",IF(AND(R97>=21,R97<=50),"B",IF(AND(R97>=51,R97<=80),"C",IF(R97>80,"D")))) -> B
A98: 97 | B98: Montpellier 3 Pic Saint Loup | C98: Languedoc Roussillon | D98: Camp de regroupement | E98: Montpellier 4 Ponyo | F98: 43295 | G98: 43309 | H98: 0 | I98: 0 | J98: 11 | K98: 4 | L98: 12 | M98: 4 | N98: 0 | O98: 0 | P98: 0 | Q98: 0 | R98: =H98+J98+L98+N98+P98 -> 23 | S98: =I98+K98+M98+O98+Q98 -> 8 | T98: =S98/R98 -> 0.34782609 | U98: =R98+S98 -> 31 | X98: 3 | Z98: -4 | AE98: -1 | AF98: Camp fixe sous tente sans appui en dur | AG98: Saussines | AJ98: Camp Rouget 34160 SAUSSINES | AK98: EXT | AL98: VINCENT-FALQUET Nans | AM98: vincentfalqu2@gmail.com | AN98: 06 61 08 49 53 | AO98: LUCAS Ombeline | AP98: 07 | AQ98: 34 | AR98: Languedoc Roussillon | AS98: G | AT98: =IF(D98="Camp d'unité Ainés","CUA",IF(D98="camp d'unité éclés","CUE",IF(D98="Camp d'unité louveteaux","CULO",IF(D98="Camp d'unité lutins","CULI",IF(D98="Camp de groupe","CG",IF(D98="Camp régional","CR",IF(D98="Camp de regroupement","CGG",IF(D98="Camp de regroupement d'unité Ainés","CRGUA",IF(D98="Camp de regroupement d'unité éclés","CRGUE",IF(D98="Camp de regroupement d'unité louveteaux","CRGULO",IF(D98="Camp de regroupement d'unité lutins","CRGULI",IF(D98="Camp inter groupe","CIG",IF(D98="Séjours adaptés mineurs","SAM",IF(D98="Séjours adaptés adultes","SAA",IF(D98="Séjours ouverts","SOU",IF(D98="Camp régional ouvert","RO")))))))))))))))) -> CGG | AU98: =IF(R98<=20,"A",IF(AND(R98>=21,R98<=50),"B",IF(AND(R98>=51,R98<=80),"C",IF(R98>80,"D")))) -> B
A99: 98 | B99: Montpellier V Champ Libre | C99: Languedoc Roussillon | D99: Camp de groupe | F99: 43311 | G99: 43325 | H99: 1 | I99: 0 | J99: 5 | K99: 2 | L99: 2 | M99: 1 | N99: 3 | O99: 1 | P99: 0 | Q99: 0 | R99: 17 | S99: =I99+K99+M99+O99+Q99 -> 4 | T99: =S99/R99 -> 0.23529412 | U99: =R99+S99 -> 21 | V99: 1 | X99: -3 | Y99: 1 | Z99: -3 | AB99: -1 | AE99: -1 | AF99: Camp fixe sous tente avec appui en dur | AG99: Ceilhes et Rocozels | AJ99: Gites Lascours 34260 CEILHES et ROCOZELS | AK99: EXT | AL99: CABILIC Vincent | AM99: v.cabillic@live.fr | AN99: 06 67 22 41 28 | AO99: VILLEPONTOUX Stéphane | AP99: 07/08 | AQ99: 34 | AR99: Languedoc Roussillon | AS99: G | AT99: =IF(D99="Camp d'unité Ainés","CUA",IF(D99="camp d'unité éclés","CUE",IF(D99="Camp d'unité louveteaux","CULO",IF(D99="Camp d'unité lutins","CULI",IF(D99="Camp de groupe","CG",IF(D99="Camp régional","CR",IF(D99="Camp de regroupement","CGG",IF(D99="Camp de regroupement d'unité Ainés","CRGUA",IF(D99="Camp de regroupement d'unité éclés","CRGUE",IF(D99="Camp de regroupement d'unité louveteaux","CRGULO",IF(D99="Camp de regroupement d'unité lutins","CRGULI",IF(D99="Camp inter groupe","CIG",IF(D99="Séjours adaptés mineurs","SAM",IF(D99="Séjours adaptés adultes","SAA",IF(D99="Séjours ouverts","SOU",IF(D99="Camp régional ouvert","RO")))))))))))))))) -> CG | AU99: =IF(R99<=20,"A",IF(AND(R99>=21,R99<=50),"B",IF(AND(R99>=51,R99<=80),"C",IF(R99>80,"D")))) -> A
A100: 99 | B100: Saint Laurent du Var | C100: PAM | D100: Camp de groupe | F100: 43292 | G100: 43309 | H100: 7 | I100: 3 | J100: 24 | K100: 6 | L100: 22 | M100: 4 | N100: 0 | O100: 0 | P100: 0 | Q100: 0 | R100: =H100+J100+L100+N100+P100 -> 53 | S100: =I100+K100+M100+O100+Q100 -> 13 | T100: =S100/R100 -> 0.24528302 | U100: =R100+S100 -> 66 | V100: -3 | W100: 1 | X100: -1 | Y100: 2 | Z100: -3 | AA100: 1 | AF100: Camp fixe sous tente avec appui en dur | AG100: Beaudan-Campan | AJ100: 65078 | AK100: CENTRE | AL100: DALMASSO Charley | AM100: Charley@eedf-saintlaurentduvar.info | AN100: 06 15 57 84 43 | AO100: MALET Pierre | AP100: 07 | AQ100: 65 | AR100: Midi Pyrénées | AS100: G | AT100: =IF(D100="Camp d'unité Ainés","CUA",IF(D100="camp d'unité éclés","CUE",IF(D100="Camp d'unité louveteaux","CULO",IF(D100="Camp d'unité lutins","CULI",IF(D100="Camp de groupe","CG",IF(D100="Camp régional","CR",IF(D100="Camp de regroupement","CGG",IF(D100="Camp de regroupement d'unité Ainés","CRGUA",IF(D100="Camp de regroupement d'unité éclés","CRGUE",IF(D100="Camp de regroupement d'unité louveteaux","CRGULO",IF(D100="Camp de regroupement d'unité lutins","CRGULI",IF(D100="Camp inter groupe","CIG",IF(D100="Séjours adaptés mineurs","SAM",IF(D100="Séjours adaptés adultes","SAA",IF(D100="Séjours ouverts","SOU",IF(D100="Camp régional ouvert","RO")))))))))))))))) -> CG | AU100: =IF(R100<=20,"A",IF(AND(R100>=21,R100<=50),"B",IF(AND(R100>=51,R100<=80),"C",IF(R100>80,"D")))) -> C
...

Sheet BAFA18
A1: PV BAFA 2018 | C1: en attente de PV recevable | E1: PV Recevable | G1: en attente du vrai PV déclaré | H1: Annulé | I1: mois à traiter pour la synthèse
A2: Réf | B2: N°session | C2: Session Général-Appro-Qualification | D2: Type d'hébergement Internat-Externat | E2: Date | F2: Département | G2: Adresse de session | H2: Territoire | I2: Région | J2: Civilité | K2: Nom du directeur | L2: Qualification du directeur | M2: Nombre de formateur | N2: Nom des Formateurs | O2: Garçon | P2: Fille | Q2: Qualification des formateurs | R2: Nombre de stagiaires | S2: Garçon | T2: Fille | U2: nombre d'avis satisfaisante | V2: Nombre d'avis non satisfaisante | W2: Nombre d'avis en tant qu'appro | X2: Nombre d'avis en Qualification
A3: 1 | B3: 18031BAFA72161 | C3: Approfondissement | D3: Internat | E3: 26/02/2018 au 03/03/2018 | F3: 31 | G3: Domaine dui T 86 route du chapitre 31130 Balma | H3: 4 | I3: Midi Pyrénées | J3: Madame | K3: Colzy Claire | L3: BAFD | M3: 3 | N3: Colzy Jean Follet Pierre Assens Aurélie | O3: 2 | P3: 1 | Q3: BAFA BAFA BAFA | R3: 13 | S3: 5 | T3: 8 | U3: 13 | V3: 0 | W3: 13 | X3: 0
A4: 2 | B4: 18011BAFA72155 | C4: Générale | D4: Internat | E4: 18/02/2018 au 25/02/2018 | F4: 11 | G4: Leap Emile de Rodat 8 boulevard Gérard de Pins 11170 Pezens | H4: 4 | I4: Midi Pyrénées | J4: Monsieur | K4: Birée Florian | L4: BAFD | M4: 3 | N4: Cotonat Marion Jourdain Maxime Zimpfer Claire Line | O4: 1 | P4: 2 | Q4: BP JEPS UCC direction CVL BAFA BAFA | R4: 15 | S4: 6 | T4: 9 | U4: 14 | V4: 1 | W4: 0 | X4: 0
A5: 3 | B5: 18032BAFA72156 | C5: Générale | D5: Internat | E5: 24/02/2018 au 03/03/2018 | F5: 32 | G5: Lycée des métiers le Carros 1 bis rue Darwin BP 60529 32021 Auch | H5: 4 | I5: Midi Pyrénées | J5: Madame | K5: Oliveros Fanny | L5: BAFD | M5: 3 | N5: BOTTON Aurélien Gonin Camille Tilhou Bérénice | O5: 1 | P5: 2 | Q5: BAFD BP JEPS UCC direction CVL BAFA | R5: 17 | S5: 5 | T5: 12 | U5: 17 | V5: 0 | W5: 0 | X5: 0
A6: 4 | B6: 18063BAFA71367 | C6: Générale | D6: Internat | E6: 10/02/2018 au 17/02/2018 | F6: 63 | G6: 63463 | H6: 5 | I6: Auvergne | J6: Monsieur | K6: Louis Jonathan | L6: BP JEPS spécialisé LTP | M6: 1 | N6: Banda Alexandre | O6: 1 | P6: 0 | Q6: BP JEPS | R6: 12 | S6: 8 | T6: 4 | U6: 12 | V6: 0 | W6: 0 | X6: 0
A7: 5 | B7: 18006BAFA71958 | C7: Générale | D7: Internat | E7: 25/02/2018 au 04/03/2018 | F7: 06 | G7: Les Courmettes route des Courmettes 06140 Tourrettes sur Loup | H7: 6 | I7: PAM | J7: Madame | K7: Lukovic Snejana | L7: BAFD | M7: 3 | N7: Organini Florent Chatel Léa Frison Julie | O7: 1 | P7: 2 | Q7: BAFA BAFA BAFA | R7: 20 | S7: 18 | T7: 2 | U7: 20 | V7: 0 | W7: 0 | X7: 0
A8: 6 | B8: 18006BAFA71328 | C8: Approfondissement | D8: Internat | E8: 25/02/2018 au 02/03/2018 | F8: 06 | G8: Les Courmettes route des Courmettes 06140 Tourrettes sur Loup | H8: 6 | I8: PAM | J8: Madame | K8: Bonnot Elizabeth | L8: BAFD | M8: 2 | N8: Geidies Flora Mauduit Cécil | O8: 1 | P8: 1 | Q8: BAFA BAFA | R8: 5 | S8: 3 | T8: 2 | U8: 5 | V8: 0 | W8: 5 | X8: 0
A9: 7 | B9: 18032BAFA72157 | C9: Générale | D9: Internat | E9: 24/02/2018 au 03/03/2018 | F9: 32 | G9: Lycée des métiers le Garros 1 bis rue Darwin BP 60529 32021 Auch | H9: 4 | I9: Midi Pyrénées | J9: Monsieur | K9: Palma Lira José Marie | L9: BAFD | M9: 4 | N9: Bounes Pauline Guiraud Damien Pillard Jade Prevost Armand | O9: 2 | P9: 2 | Q9: DE d'éducateur spécialisé BAFA BAFA BAFA | R9: 21 | S9: 8 | T9: 13 | U9: 19 | V9: 2 | W9: 0 | X9: 0
A10: 8 | B10: 18033BAFA71101 | C10: Générale | D10: Internat | E10: 11/02/2018 au 18/02/2018 | F10: 33 | G10: Oeecb 1 rue Jules Ferry 33640 Castres | H10: 4 | I10: Aquitaine | J10: Monsieur | K10: Poitiers Samuel | L10: DUT spécialisé carrières sociales, option animation sociale et socioculturelle | M10: 1 | N10: Penot Laurine | O10: 0 | P10: 1 | Q10: BAFD | R10: 12 | S10: 5 | T10: 7 | U10: 12 | V10: 0 | W10: 0 | X10: 0
A11: 9 | B11: 18059BAFA72166 | C11: Générale | D11: Internat | E11: 24/02/2018 au 03/03/2018 | F11: 59 | G11: 59416 | H11: 1 | I11: Haut de France | J11: Monsieur | K11: Vandoolaeghe Gaëtan | L11: BAFD | M11: 3 | N11: Declerck Jan Guinamard Rémi Warlouzet Audrey | O11: 2 | P11: 1 | Q11: BAFA BAFA BAFA | R11: 34 | S11: 17 | T11: 17 | U11: 33 | V11: 1 | W11: 0 | X11: 0
A12: 10 | B12: 18973BAFA71890 | C12: Générale | D12: Externat | E12: 17/02/2018 au 24/02/2018 | F12: 97 | G12: Association Happy Days 4 rue des Parfums Parc Lindor 2 97354 Remire Montjoly | H12: 1 | I12: Haut de France | J12: Madame | K12: Eustache Marie Francine Brigitte | L12: BAFD | M12: 2 | N12: Besnard Cyril Bersot Hubert | O12: 2 | P12: 0 | Q12: BAFA BAFA | R12: 23 | S12: 3 | T12: 20 | U12: 21 | V12: 2 | W12: 0 | X12: 0
A13: 11 | B13: 18059BAFA72377 | C13: Approfondissement | D13: Internat | E13: 26/02/2018 au 03/03/2018 | F13: 59 | G13: 59416 | H13: 1 | I13: Haut de France | J13: Madame | K13: Chevrey Nicole | L13: BAFD | M13: 1 | N13: Cerf Alexandre | O13: 1 | P13: 0 | Q13: BAFA | R13: 15 | S13: 5 | T13: 10 | U13: 14 | V13: 1 | W13: 15 | X13: 0
A14: 12 | B14: 18059BAFA72373 | C14: Qualification | D14: Internat | E14: 24/02/20108 au 03/03/2018 | F14: 59 | G14: 59043 | H14: 1 | I14: Haut de France | J14: Monsieur | K14: Montreuil Vincent | L14: BAFD | M14: 2 | N14: Mabriez Nathan Meurin Lucy | O14: 1 | P14: 1 | Q14: BAFA BAFA qualification surveillance de baignade | R14: 21 | S14: 17 | T14: 4 | U14: 17 | V14: 4 | W14: 0 | X14: 17
A15: 13 | B15: 18059BAFA72167 | C15: Générale | D15: Internat | E15: 03/03/2018 au 10/03/2018 | F15: 59 | G15: 59416 | H15: 1 | I15: Haut de France | J15: Monsieur | K15: Jacquot Sylvain | L15: BAFD | M15: 1 | N15: Van Den Hende Pauline | O15: 0 | P15: 1 | Q15: BAFA | R15: 16 | S15: 6 | T15: 10 | U15: 15 | V15: 1 | W15: 0 | X15: 0
A16: 14 | B16: 18059BAFA72207 | C16: Générale | D16: Internat | E16: 03/03/2018 au 10/03/2018 | F16: 59 | G16: 59416 | H16: 1 | I16: Haut de France | J16: Monsieur | K16: Fache Benoît | L16: BAFD | M16: 3 | N16: El Tadjouri Alix Guffroy Fanny Vandemeulebrouck Chloé | O16: 1 | P16: 2 | Q16: BAFA BAFA BAFA | R16: 40 | S16: 9 | T16: 31 | U16: 39 | V16: 1 | W16: 0 | X16: 0
A17: 15 | B17: 18035BAFA74531 | C17: Générale | D17: Internat | E17: 27/04/2018 au 04/05/2018 | F17: 35 | G17: 35334 | H17: 2 | I17: Bretagne | J17: Madame | K17: Villard Stéphanie | L17: BAFD | M17: 4 | N17: Doucet Colin Guy Clément Le Borgne Léa Noyer Claire | O17: 2 | P17: 2 | Q17: BAFA BAFA BAFA DE d'éducateur spécialisé | R17: 20 | S17: 11 | T17: 9 | U17: 19 | V17: 1 | W17: 0 | X17: 0
A18: 16 | B18: 18094BAFA73840 | C18: Générale | D18: Externat | E18: 14/04/2018 au 21/04/2018 | F18: 94 | G18: Erea François Cavanna 3 avenue de Joinville 94130 Nogent sur Marne | H18: 1 | I18: Haut de France | J18: Madame | K18: Eustache Marie francine Brigitte | L18: BAFD | M18: 1 | N18: Besnard Cyril | O18: 1 | P18: 0 | Q18: BAFA | R18: 8 | S18: 0 | T18: 8 | U18: 7 | V18: 1 | W18: 0 | X18: 0
A19: 17 | B19: 18059BAFA74192 | C19: Générale | D19: Externat | E19: 21/04/2018 au 28/04/2018 | F19: 59 | G19: Centre de loisirs du Puythouck rue du Puythouck 59760 Grand Synthe | H19: 1 | I19: Haut de France | J19: Monsieur | K19: Gloriant Nicolas | L19: BAFD | M19: 4 | N19: Antitene Stéphanie Guffroy Fanny Ruyfflaere Isabelle Vandemeulebrouck Chloé | O19: 0 | P19: 4 | Q19: BAFA BAFA BAFA BAFA | R19: 40 | S19: 11 | T19: 29 | U19: 37 | V19: 3 | W19: 0 | X19: 0
A20: 19 | B20: 18059BAFA74233 | C20: Approfondissement | D20: Internat | E20: 23/04/2018 au 28/04/2018 | F20: 59 | G20: 59416 | H20: 1 | I20: Haut de France | J20: Monsieur | K20: Druvent Romain | L20: Certificat aptitude au professorat | M20: 2 | N20: Delobel Zoé Tchiche Yasmine | O20: 0 | P20: 2 | Q20: BAFA BAFA | R20: 20 | S20: 8 | T20: 12 | U20: 20 | V20: 0 | W20: 20 | X20: 0
A21: 20 | B21: 18059BAFA74232 | C21: Qualification | D21: Internat | E21: 28/04/2018 au 05/05/2018 | F21: 81 | G21: 81042 | H21: 1 | I21: Haut de France | J21: Monsieur | K21: Montreuil Vincent | L21: BAFD | M21: 2 | N21: Lesaffre Adrien Mantel Manon | O21: 1 | P21: 1 | Q21: BAFA qualification surveillance de baignade BAFA | R21: 13 | S21: 9 | T21: 4 | U21: 13 | V21: 0 | W21: 1 | X21: 12
A22: 21 | B22: 18059BAFA74189 | C22: Générale | D22: Internat | E22: 28/04/2018 au 05/05/2018 | F22: 59 | G22: 59416 | H22: 1 | I22: Haut de France | J22: Monsieur | K22: Leroye David | L22: Certificat aptitude au professorat | M22: 1 | N22: Declerck Jan | O22: 1 | P22: 0 | Q22: BAFA | R22: 22 | S22: 9 | T22: 13 | U22: 22 | V22: 0 | W22: 0 | X22: 0
A23: 22 | B23: 18059BAFA74193 | C23: Générale | D23: Externat | E23: 28/04/2018 au 05/05/2018 | F23: 59 | G23: Communautés de communes 340 route de l'Haeghedoorn 59270 Méteren | H23: 1 | I23: Haut de France | J23: Madame | K23: Chevrey Nicole | L23: BAFD | M23: 2 | N23: Derache Adrien Dhaine Candice | O23: 1 | P23: 1 | Q23: BAFA BAFA | R23: 39 | S23: 17 | T23: 22 | U23: 39 | V23: 0 | W23: 0 | X23: 0
A24: 23 | B24: 18086BAFA73932 | C24: Générale | D24: Internat | E24: 14/04/2018 au 21/04/2018 | F24: 86 | G24: 86024 | H24: 4 | I24: Aquitaine | J24: Monsieur | K24: Vigour Etienne | L24: BAFD | M24: 2 | N24: LAUNAY Antoine LINARES Quentin | O24: 2 | P24: 0 | Q24: BAFA BAFA | R24: 21 | S24: 11 | T24: 10 | U24: 21 | V24: 0 | W24: 0 | X24: 0
A25: 24 | B25: 18024BAFA73517 | C25: Approfondissement | D25: Internat | E25: 08/04/2018 au 13/04/2018 | F25: 24 | G25: 24183 | H25: 4 | I25: Aquitaine | J25: Monsieur | K25: Dassonville Tanguy | L25: Certificat aptitude au professorat | M25: 1 | N25: Poitiers Samuel | O25: 1 | P25: 0 | Q25: DUT spécialité carrières sociales, option animation social et socioculturelle | R25: 5 | S25: 1 | T25: 4 | U25: 5 | V25: 0 | W25: 5 | X25: 0
A26: 25 | B26: 18973BAFA73538 | C26: Générale | D26: Externat | E26: 07/04/2018 au 14/04/2018 | F26: 97 | G26: Association Happy Days 4 rue des Parfums Parc Lindor 2 97354 Remire Montjoly | H26: 1 | I26: Haut de France | J26: Madame | K26: Eustache Marie Francine Brigitte | L26: BAFD | M26: 2 | N26: Besnard Cyril Bersot Hubert | O26: 2 | P26: 0 | Q26: BAFA BAFA | R26: 18 | S26: 6 | T26: 12 | U26: 18 | V26: 0 | W26: 0 | X26: 0
A27: 26 | B27: 18973BAFA73536 | C27: Générale | D27: Internat | E27: 30/03/2018 au 06/04/2018 | F27: 97 | G27: Association Happy Days 4 rue des Parfums Parc Lindor 2 97354 Remire Montjoly | H27: 1 | I27: Haut de France | J27: Madame | K27: Eustache Marie Francine Brigitte | L27: BAFD | M27: 2 | N27: Besnard Cyril Bersot Hubert | O27: 2 | P27: 0 | Q27: BAFA BAFA | R27: 17 | S27: 5 | T27: 12 | U27: 17 | V27: 0 | W27: 0 | X27: 0
A28: 27 | B28: 18088BAFA74401 | C28: Approfondissement | D28: Internat | E28: 22/04/2018 au 27/04/2018 | F28: 88 | G28: 88415 | H28: 3 | I28: Grands Est | J28: Madame | K28: Banach Emilie | L28: DP Professeur des écoles | M28: 3 | N28: Chibane Thomas Jan Fabrice Quetand Marylène | O28: 2 | P28: 1 | Q28: BAFD stagiaire BAFA BAFA | R28: 8 | S28: 3 | T28: 5 | U28: 7 | V28: 1 | W28: 8 | X28: 0
A29: 28 | B29: 18088BAFA74391 | C29: Générale | D29: Internat | E29: 21/04/2018 au 28/04/2018 | F29: 88 | G29: 88415 | H29: 3 | I29: Grands Est | J29: Monsieur | K29: Grandjean Gilbert | L29: BAFD | M29: 2 | N29: Bellotto Elodie Chibane Thomas | O29: 1 | P29: 1 | Q29: BAFA BAFA | R29: 23 | S29: 9 | T29: 14 | U29: 23 | V29: 0 | W29: 0 | X29: 0
A30: 29 | B30: 18069BAFA74587 | C30: Générale | D30: Internat | E30: 14/04/2018 au 21/04/2018 | F30: 69 | G30: 69164 | H30: 5 | I30: Rhône Alpes | J30: Monsieur | K30: Bouquet Stéphan | L30: BEATEP spécialité ASVL | M30: 5 | N30: Caillat Aurore Journeaux Victor Juquel Marine Latreille Laure Mottin-Laffeuil Camille | O30: 1 | P30: 4 | Q30: BAFA BAFA BAPAAT BAFA BAFA | R30: 16 | S30: 10 | T30: 6 | U30: 16 | V30: 0 | W30: 0 | X30: 0
A31: 30 | B31: 18031BAFA74408 | C31: Générale | D31: Internat | E31: 14/04/2018 au21/04/2018 | F31: 31 | G31: Centre les Villières 377 route de Saint Clar 31600 Lherm | H31: 4 | I31: Midi Pyrénées | J31: Monsieur | K31: Debaa Ounissa | L31: BAFD | M31: 1 | N31: Trouche Olivier | O31: 1 | P31: 0 | Q31: BAFA | R31: 13 | S31: 7 | T31: 6 | U31: 13 | V31: 0 | W31: 0 | X31: 0
A32: 31 | B32: 18034BAFA74631 | C32: Générale | D32: Internat | E32: 21/04/2018 au 28/04/2018 | F32: 34 | G32: Centre de vacances Avea la Poste La grange de sallèles route de Marseillan 34510 Florensac | H32: 6 | I32: Languedoc Roussillon | J32: Monsieur | K32: Guillez Pierre | L32: DEJEPS | M32: 1 | N32: Cabillic Vincent | O32: 1 | P32: 0 | Q32: BAFA | R32: 13 | S32: 4 | T32: 9 | U32: 13 | V32: 0 | W32: 0 | X32: 0
A33: 33 | B33: 18034BAFA74630 | C33: Qualification | D33: Internat | E33: 21/04/2018 au 28/04/2018 | F33: 34 | G33: Centre de vacances Avea la Poste La grange de sallèles route de Marseillan 34510 Florensac | H33: 6 | I33: Languedoc Roussillon | J33: Madame | K33: Charrière Sabine | L33: BAFD | M33: 1 | N33: Juan Martin | O33: 1 | P33: 0 | Q33: BAFA qualification surveillance de baignade | R33: 11 | S33: 4 | T33: 7 | U33: 11 | V33: 0 | W33: 1 | X33: 10
A34: 34 | B34: 18034BAFA74740 | C34: Approfondissement | D34: Externat | E34: 30/04/2018 au 06/05/2018 | F34: 34 | G34: Maison de la vie associative 15 rue Margueritte 34500 Béziers | H34: 6 | I34: Languedoc Roussillon | J34: Madame | K34: De Julis Safia | L34: DE éducateur spécialisé | M34: 1 | N34: Charrière Sabine | O34: 0 | P34: 1 | Q34: BAFD | R34: 11 | S34: 2 | T34: 9 | U34: 10 | V34: 1 | W34: 11 | X34: 0
A35: 35 | B35: 18015BAFA76794 | C35: Approfondissement | D35: Internat | E35: 25/06/2018 au 30/06/2018 | F35: 15 | G35: La Barreyrie 15290 Roumégoux | H35: 4 | I35: Midi Pyrénées | J35: Madame | K35: Birée Florence | L35: BAFD | M35: 2 | N35: Gonin Samuel Tilhou Bérénice | O35: 1 | P35: 1 | Q35: BAFA BAFA | R35: 11 | S35: 4 | T35: 7 | U35: 11 | V35: 0 | W35: 11 | X35: 0
A36: 36 | B36: 18081BAFA75956 | C36: Qualification | D36: Internat | E36: 23/06/2018 au 30/06/2018 | F36: 81 | G36: 81042 | H36: 4 | I36: Midi Pyrénées | J36: Monsieur | K36: Palma Lira José Marie | L36: BAFD | M36: 3 | N36: Brault Elise Bretaudeau Martin Parisot Adrien | O36: 2 | P36: 1 | Q36: BAFA BAFA BAFA | R36: 12 | S36: 6 | T36: 5 | U36: 12 | V36: 0 | W36: 0 | X36: 12
A37: 37 | B37: 18081BAFA45954 | C37: Générale | D37: Internat | E37: 23/06/2018 au 30/06/2018 | F37: 81 | G37: 81201 | H37: 4 | I37: Midi Pyrénées | J37: Monsieur | K37: Decorsière Emile | L37: BAFD | M37: 3 | N37: Castelbou Florian Dahon Claudine Parisot Louis | O37: 2 | P37: 1 | Q37: BAFA BAFA BAFA | R37: 9 | S37: 6 | T37: 3 | U37: 8 | V37: 1 | W37: 0 | X37: 0
A38: 39 | B38: 18013BAFA75839 | C38: Générale | D38: Internat | E38: 27/06/2018 au 04/07/2018 | F38: 13 | G38: 13001 | H38: 6 | I38: PAM | J38: Madame | K38: Bonnot Elizabeth | L38: BAFD | M38: 4 | N38: Gentina Sebastien Piussi Marion Richert Jean Philippe Organini Florent | O38: 3 | P38: 1 | Q38: BAFD BAFA BAFA BAFA | R38: 10 | S38: 7 | T38: 3 | U38: 10 | V38: 0 | W38: 0 | X38: 0
A39: 41 | B39: 18059BAFA76205 | C39: Générale | D39: Internat | E39: 30/06/2018 au 07/07/2018 | F39: 59 | G39: 59416 | H39: 1 | I39: Haut de France | J39: Monsieur | K39: Jacquot Sylvain | L39: BAFD | M39: 2 | N39: Vandemeulebrouck Chloé Warlouzet Audrey | O39: 0 | P39: 2 | Q39: BAFA BAFA | R39: 16 | S39: 7 | T39: 9 | U39: 16 | V39: 0 | W39: 0 | X39: 0
A40: 42 | B40: 18059BAFA76207 | C40: Approfondissement | D40: Internat | E40: 02/07/2018 au 07/07/2018 | F40: 59 | G40: Ferme du Schoubrouck 353 chemin du Schoubrouck 59670 Noordpeene | H40: 1 | I40: Haut de France | J40: Monsieur | K40: Gloriant Nicolas | L40: BAFD | M40: 1 | N40: Dhaine Candice | O40: 0 | P40: 1 | Q40: BAFA BAFA | R40: 8 | S40: 2 | T40: 6 | U40: 8 | V40: 0 | W40: 8 | X40: 0
A41: 43 | B41: 18052BAFA76159 | C41: Générale | D41: Internat | E41: 30/06/2018 au 07/07/2018 | F41: 52 | G41: Centre EEDF YC DER Port de nemours 52290 Eclaron Braucourt Sainte Livière | H41: 3 | I41: Grands Est | J41: Monsieur | K41: Louis Jonathan | L41: BP BPJEPS | M41: 3 | N41: Wahl Paul Bersot Hubert Muller Clément | O41: 3 | P41: 0 | Q41: BAFA BAFA BAFA | R41: 12 | S41: 2 | T41: 10 | U41: 12 | V41: 0 | W41: 0 | X41: 0
A42: 44 | B42: 18063BAFA76899 | C42: Approfondissement | D42: Internat | E42: 25/08/2018 au 30/08/2018 | F42: 63 | G42: 63463 | H42: 5 | I42: Auvergne | J42: Madame | K42: Mathieu Anne Pauline | L42: BAFD | M42: 2 | N42: Banda Alexandre Tutund Jian Maëlle | O42: 1 | P42: 1 | Q42: BPJEPS BAFA | R42: 10 | S42: 2 | T42: 8 | U42: 10 | V42: 0 | W42: 10 | X42: 0
A43: 45 | B43: 18056BAFA78344 | C43: Générale | D43: Internat | E43: 21/10/2018 au 28/10/2018 | F43: 56 | G43: 56162 | H43: 2 | I43: Bretagne | J43: Monsieur | K43: Doucet Colin | L43: DUT spécialisé carrières sociales | M43: 3 | N43: Paillard François Le Galle Juliette Durand Mael | O43: 1 | P43: 2 | Q43: BAFD BAFA BAFA | R43: 12 | S43: 8 | T43: 4 | U43: 12
A44: 50 | B44: 18059BAFA77487 | C44: Approfondissement | D44: Externat | E44: 22/10/2018 au 27/10/2018 | F44: 59 | G44: 59416 | H44: 1 | I44: Haut de France | J44: Monsieur | K44: Montreuil Vincent | L44: BAFD | M44: 2 | N44: Delobel Zoé Latrech Rachel | O44: 0 | P44: 2 | Q44: BAFA BAFA | R44: 30 | S44: 8 | T44: 22 | U44: 30 | W44: 30
A45: 51 | B45: 18059BAFA78119 | C45: Approfondissement | D45: Externat | E45: 22/10/2018 au 27/10/2018 | F45: 59 | G45: Centre de loisirs du Puy thouck rue du Puythouck 59760 Grand Synthe | H45: 1 | I45: Haut de France | J45: Monsieur | K45: Gloriant Nicolas | L45: BAFD | M45: 3 | N45: Eustache Marie Francine Brigitte Guffroy Fanny Vandemeulebrouck Chloé | O45: 0 | P45: 3 | Q45: BAFD BAFA BAFA | R45: 30 | S45: 9 | T45: 21 | U45: 30 | W45: 30
A46: 52 | B46: 18059BAFA77485 | C46: Générale | D46: Internat | E46: 20/10/2018 au 27/10/2018 | F46: 59 | G46: 59416 | H46: 1 | I46: Haut de France | J46: Madame | K46: Chevrey Nicole | L46: BAFD | M46: 2 | N46: El Tadjouri Alix Lesaffre Adrien | O46: 2 | P46: 0 | Q46: BAFA BAFA | R46: 25 | S46: 9 | T46: 16 | U46: 25
A47: 53 | B47: 18059BAFA77740 | C47: Générale | D47: Externat | E47: 20/10/2018 au 27/10/2018 | F47: 59 | G47: Centre de loisirs du Puy thouck rue du Puythouck 59760 Grand Synthe | H47: 1 | I47: Haut de France | J47: Madame | K47: Gloriant Caroline | L47: BAFD | M47: 4 | N47: Antitene Stéphanie Colombel Pierre Ewald Eliot Ruyffelaere Isabelle | O47: 2 | P47: 2 | Q47: BAFA BAFA BAFA BAFA | R47: 38 | S47: 13 | T47: 25 | U47: 36 | V47: 2
A48: 54 | B48: 18034BAFA78088 | C48: Générale | D48: Externat | E48: 11/10/2018 au 19/10/2018 | F48: 34 | G48: Maison de la vie associative 15 rue Margueritte 34500 Béziers | H48: 6 | I48: Languedoc Roussillon | J48: Monsieur | K48: Guillez Pierre | L48: DEJEPS | M48: 1 | N48: Guillez Nicolas | O48: 1 | P48: 0 | Q48: BAFA | R48: 17 | S48: 2 | T48: 15 | U48: 17
A49: 56 | B49: 18081BAFA78615 | C49: Générale | D49: Internat | E49: 20/10/2018 au 27/10/2018 | F49: 81 | G49: Les foyers du Ségala RD 922 81170 Saint Martin Laguépie | H49: 4 | I49: Midi Pyrénées | J49: Madame | K49: Birée Florence | L49: BAFD | M49: 2 | N49: Brault Élise Debaa Ounissa | O49: 0 | P49: 2 | Q49: BAFA BAFD | R49: 19 | S49: 4 | T49: 15 | U49: 19
A50: 57 | B50: 18063BAFA78174 | C50: Approfondissement | D50: Internat | E50: 29/10/2018 au 03/11/2018 | F50: 63 | G50: 63463 | H50: 5 | I50: Auvergne | J50: Monsieur | K50: Louis Jonathan | L50: BP JEPS spécialisé LTP | M50: 2 | N50: Ferrand Eloise Muller Clément | O50: 1 | P50: 1 | Q50: BAFA BAFA | R50: 31 | S50: 12 | T50: 19 | U50: 31 | W50: 31
A51: 58 | B51: 18034BAFA79424 | C51: Générale | D51: Internat | E51: 27/10/2018 au 03/11/2018 | F51: 34 | G51: Domaine de Roussières 34380 Viols en Laval | H51: 6 | I51: Languedoc Roussillon | J51: Monsieur | K51: Guillez Pierre | L51: DEJEPS | M51: 1 | N51: Imbert Marion | O51: 0 | P51: 1 | Q51: BPJEPS | R51: 9 | S51: 4 | T51: 5 | U51: 9
A52: 59 | B52: 18034BAFA80148 | C52: Approfondissement | D52: Internat | E52: 10/12/2018 au 15/12/2018 | F52: 34 | G52: Maison de la vie associative 15 rue Margueritte 34500 Béziers | H52: 6 | I52: Languedoc Roussillon | J52: Madame | K52: Charrière Sabine | L52: BAFD | M52: 1 | N52: Guillez Pierre | O52: 1 | P52: 0 | Q52: DEJEPS | R52: 15 | S52: 1 | T52: 14 | U52: 15 | W52: 15
A53: 60 | B53: 18059BAFA79644 | C53: Générale | D53: Internat | E53: 26/12/2018 au 05/01/2019 | F53: 59 | G53: 59416 | H53: 1 | I53: Haut de France | J53: Monsieur | K53: Jacquot Sylvain | L53: BAFD | M53: 1 | N53: Cerf Alexandre | O53: 1 | P53: 0 | Q53: BAFA | R53: 10 | S53: 5 | T53: 5 | U53: 9 | V53: 1
A54: 61 | B54: 18059BAFA79645 | C54: Approfondissement | D54: Internat | E54: 26/12/2018 au 31/12/2018 | F54: 59 | G54: 59416 | H54: 1 | I54: Haut de France | J54: Monsieur | K54: Gloriant Nicolas | L54: BAFD | M54: 1 | N54: Ruyffelaere Isabelle | O54: 0 | P54: 1 | Q54: BAFA | R54: 11 | S54: 3 | T54: 8 | U54: 11 | W54: 11

Sheet BAFD18
A1: PROCÈS VERBAUX 2018 BAFD | D1: en attente du vrai PV déclaré | G1: recevable | I1: Annulé
A2: Réf | B2: N°session | C2: Session Général-Perfectionnement | D2: Type d'hébergement Internat-Externat | E2: Date | F2: Département | G2: Adresse de session | H2: Territoire | I2: Région | J2: Civilité | K2: Nom du directeur | L2: Qualification du directeur | M2: Nombre de formateur | N2: Nom des Formateurs | O2: Masculin | P2: Féminin | Q2: Qualification des formateurs | R2: Nombre de stagiaire | S2: Masculin | T2: Féminin | U2: nombre d'avis satisfaisante | V2: Nombre d'avis non satisfaisante | W2: Nombre d'avis en tant perfectionnement
A3: 1 | B3: 18069BAFD71373 | C3: Générale | D3: Internat | E3: 17/02/2018 au 25/02/2018 | F3: 69 | G3: 69164 | H3: 5 | I3: Rhône Alpes | J3: Monsieur | K3: Pinlet Bertrand | L3: BAFD | M3: 2 | N3: Louis Jonathan Reynaud Alexis | O3: 2 | P3: 0 | Q3: BP JEPS Spécialité LTP BAFD | R3: 14 | S3: 4 | T3: 10 | U3: 14 | V3: 0 | W3: 0
A4: 2 | B4: 18059BAFD72382 | C4: Perfectionnement | D4: Internat | E4: 27/02/2018 au 04/03/2018 | F4: 59 | G4: 59416 | H4: 1 | I4: Haut de France | J4: Monsieur | K4: Gloriant Nicolas | L4: BAFD | M4: 1 | N4: Dutilleul Marc | O4: 1 | P4: 0 | Q4: BAFD | R4: 6 | S4: 0 | T4: 6 | U4: 6 | V4: 0 | W4: 6
A5: 3 | B5: 18059BAFD72380 | C5: Générale | D5: Internat | E5: 24/02/20108 au 04/03/2018 | F5: 59 | G5: 59416 | H5: 1 | I5: Haut de France | J5: Madame | K5: Boucharin Fanny | L5: BAFD | M5: 1 | N5: Glorian Caroline | O5: 0 | P5: 1 | Q5: BAFD | R5: 11 | S5: 6 | T5: 5 | U5: 11 | V5: 0 | W5: 0
A6: 4 | B6: 18012BAFD74635 | C6: Perfectionnement | D6: Internat | E6: 24/04/2018 au 29/04/2018 | F6: 12 | G6: 12131 | H6: 4 | I6: Midi Pyrénées | J6: Madame | K6: Oliveros Fanny | L6: BAFD | M6: 1 | N6: Perechodor Isabelle | O6: 0 | P6: 1 | Q6: BEATEP | R6: 10 | S6: 3 | T6: 7 | U6: 10 | V6: 0 | W6: 10
A7: 5 | B7: 18012BAFD74634 | C7: Générale | D7: Internat | E7: 21/04/2018 au 29/04/2018 | F7: 12 | G7: 12131 | H7: 4 | I7: Midi Pyrénées | J7: Monsieur | K7: Birée Florian | L7: BAFD | M7: 2 | N7: Botton Aurélien Gonin Camille | O7: 1 | P7: 1 | Q7: BAFA | R7: 15 | S7: 7 | T7: 8 | U7: 14 | V7: 1 | W7: 0
A8: 6 | B8: 18035BAFD75772 | C8: Générale | D8: Internat | E8: 24/05/2018 au 01/06/2018 | F8: 35 | G8: 35334 | H8: 2 | I8: Bretagne | J8: Madame | K8: Le Berrre Laurence | L8: BAFD | M8: 2 | N8: Louis Jonathan Villard Stéphanie | O8: 1 | P8: 1 | Q8: BP JEPS Spécialité LTP BAFD | R8: 13 | S8: 3 | T8: 10 | U8: 13 | V8: 0 | W8: 0

Sheet SV18
A1: DECLARATION DES SEJOURS SV ÉTÉ 2018 | T1: =SUM(T32:T36) -> 0 | U1: =SUM(U32:U36) -> 0 | V1: =SUM(V32:V36) -> 0 | W1: =SUM(W32:W36) -> 0 | X1: =SUM(X32:X36) -> 0 | Y1: =SUM(Y32:Y36) -> 0 | Z1: =SUM(Z32:Z36) -> 0 | AA1: =SUM(AA32:AA36) -> 0 | ... AP1: =SUM(AP32:AP36) -> 67 | AQ1: =+AG1/AH1 -> #DIV/0! | AR1: =+AM1/AN1 -> 2.1492537 | AS1: =+AO1/AP1 -> 2.1492537
B2: type | C2: Pays ou région d'accueil | D2: Mois | E2: Dép. | F2: Ville POUR LE SIEGE | G2: Adresse du camp | H2: Lieux de camps | I2: Code Postal | J2: Ville | K2: Tél du camp | L2: Début | M2: Fin | N2: organisateur | O2: Directeur(trice) | P2: Téléphone du directeur(trice) | Q2: e-mail, … | R2: Qualification (BAFD, DSF, DVLA, titulaire 1er stage, 2ème stage…) | S2: VISITEUR | T2: Lut | U2: R Lut | V2: 08-11 ANS | W2: R lvx | X2: 12-14 ANS | Y2: R Ecles | Z2: 15-17 ANS | AA2: R Aînés | AB2: 18/25 ans | AC2: R 18/25 ans | AD2: Autr enc | AE2: Adultes 18/25 | AF2: Adultes +25 | AG2: TOTAL ADULTE HANDICAP | AH2: Anim ADULTES | AI2: 6/8 | AJ2: 9/11 | AK2: 12/14 | AL2: 15/17 | AM2: TOTAL MINEUR HANDICAP | AN2: Anim MINEUR | AO2: Total part | AP2: Total enc | AQ2: Taux encadr ADULTES | AR2: Taux encadr MINEUR | AS2: Taux encadr TOTAL | AT2: NOM DU SEJOUR ADULTE POUR CNLTA | AU2: TOTAL PARTI
A3: CAEN | B3: SV A | C3: BRETAGNE | D3: 7 | E3: 29 | F3: PLOUNEVEZ LOCHRIST | G3: MFR 9 RUE DE LA GARE | H3: PLOUNEVEZ | I3: 29430 | J3: PLOUNEVEZ LOCHRIST | K3: 07 72 09 56 38 | L3: 43290 | M3: 43302 | N3: SV CAEN | O3: Laurent pointal | P3: 0 | Q3: 0 | R3: 0 | S3: 0 | AE3: 6 | AF3: 18 | AG3: =SUM(AE3:AF3) -> 24 | AH3: 7 | AM3: =SUM(AI3:AL3) -> 0 | AO3: =T3+V3+X3+Z3+AB3+AG3+AF3 -> 42 | AP3: =+AH3+AN3 -> 7 | AQ3: =+AG3/AH3 -> 3.4285714 | AR3: =+AM3/AN3 -> #DIV/0! | AS3: =+AO3/AP3 -> 6 | AT3: FÉÉRIE DES DUNES | AU3: =AG3+AO3 -> 66
A4: CAEN | B4: SV A | C4: NORMANDIE | D4: 7 | E4: 14 | F4: BLANGY LE CHÂTEAU | G4: MFR ROUTE DU MESNIL | H4: BLANGY | I4: 14130 | J4: BLANGY LE CHÂTEAU | K4: 02 31 64 15 83 | L4: 43290 | M4: 43302 | N4: SV CAEN | O4: Laurence Leberre | P4: 0 | Q4: 0 | R4: 0 | S4: 0 | AE4: 6 | AF4: 18 | AG4: =SUM(AE4:AF4) -> 24 | AH4: 10 | AM4: =SUM(AI4:AL4) -> 0 | AO4: =T4+V4+X4+Z4+AB4+AG4+AF4 -> 42 | AP4: =+AH4+AN4 -> 10 | AQ4: =+AG4/AH4 -> 2.4 | AR4: =+AM4/AN4 -> #DIV/0! | AS4: =+AO4/AP4 -> 4.2 | AT4: DOUCEURS NORMANDES | AU4: =AG4+AO4 -> 66
A5: CAEN | B5: SV M | C5: BRETAGNE | D5: 7 | E5: 22 | F5: CHAPELLE NEUVE | G5: CENTRE FORET BOCAGE - 5 HENT AN DACHENN SPORT | H5: CHAPELLE NEUVE | I5: 22160 | J5: CHAPELLE NEUVE | K5: 02 96 21 62 34 | L5: 43290 | M5: 43302 | N5: SV CAEN | O5: Marie Laure Bomba | P5: 0 | Q5: 0 | R5: 0 | S5: 0 | AG5: =SUM(AE5:AF5) -> 0 | AJ5: 7 | AK5: 12 | AL5: 12 | AM5: =SUM(AI5:AL5) -> 31 | AN5: 11 | AO5: =T5+V5+X5+Z5+AB5+AE5+AM5 -> 31 | AP5: =+AH5+AN5 -> 11 | AQ5: =+AG5/AH5 -> #DIV/0! | AR5: =+AM5/AN5 -> 2.8181818 | AS5: =+AO5/AP5 -> 2.8181818 | AU5: =AG5+AO5 -> 31
A6: CAEN | B6: SV M | C6: BRETAGNE | D6: 7 | E6: 35 | F6: THORIGNE FOUILLARD | G6: 35334 | H6: THORIGNÉ FOUILLARD | I6: 35510 | J6: THORIGNE FOUILLARD | K6: 02 99 62 03 19 | L6: 43290 | M6: 43302 | N6: SV CAEN | O6: Laurence Dally | P6: 0 | Q6: 0 | R6: 0 | S6: 0 | AG6: =SUM(AE6:AF6) -> 0 | AI6: 6 | AJ6: 8 | AK6: 10 | AL6: 12 | AM6: =SUM(AI6:AL6) -> 36 | AN6: 16 | AO6: =T6+V6+X6+Z6+AB6+AE6+AM6 -> 36 | AP6: =+AH6+AN6 -> 16 | AQ6: =+AG6/AH6 -> #DIV/0! | AR6: =+AM6/AN6 -> 2.25 | AS6: =+AO6/AP6 -> 2.25 | AU6: =AG6+AO6 -> 36
A7: CAEN | B7: SV A | C7: BRETAGNE | D7: 8 | E7: 29 | F7: PLOGASTEL | G7: KER HEOL - 5 ROUTE DE BRISCOUL | H7: PLOGASTEL | I7: 29710 | J7: PLOGASTEL ST GERMAIN | K7: 07 72 09 06 76 | L7: 43311 | M7: 43330 | N7: SV CAEN | O7: Mathieu Norrigeon | P7: 0 | Q7: 0 | R7: 0 | S7: 0 | AF7: 24 | AG7: =SUM(AE7:AF7) -> 24 | AH7: 7 | AM7: =SUM(AI7:AL7) -> 0 | AO7: =T7+V7+X7+Z7+AB7+AG7+AF7 -> 48 | AP7: =+AH7+AN7 -> 7 | AQ7: =+AG7/AH7 -> 3.4285714 | AR7: =+AM7/AN7 -> #DIV/0! | AS7: =+AO7/AP7 -> 6.8571429 | AT7: ESCALE EN BRETAGNE | AU7: =AG7+AO7 -> 72
A8: CAEN | B8: SV A | C8: BRETAGNE | D8: 8 | E8: 29 | F8: PLOUNEVEZ LOCHRIST | G8: MFR 9 RUE DE LA GARE | H8: PLOUNEVEZ | I8: 29430 | J8: PLOUNEVEZ LOCHRIST | K8: 07 72 09 56 38 | L8: 43311 | M8: 43330 | N8: SV CAEN | O8: Marie Laure Bomba | P8: 0 | Q8: 0 | R8: 0 | S8: 0 | AE8: 7 | AF8: 17 | AG8: =SUM(AE8:AF8) -> 24 | AH8: 10 | AM8: =SUM(AI8:AL8) -> 0 | AO8: =T8+V8+X8+Z8+AB8+AG8+AF8 -> 41 | AP8: =+AH8+AN8 -> 10 | AQ8: =+AG8/AH8 -> 2.4 | AR8: =+AM8/AN8 -> #DIV/0! | AS8: =+AO8/AP8 -> 4.1 | AT8: ESCAPADE BRETONNE | AU8: =AG8+AO8 -> 65
A9: CAEN | B9: SV A | C9: NLLE AQUITAINE | D9: 8 | E9: 24 | F9: LE BUISSON DE CADOUIN | G9: DOMAINE DE FROMENGAL | H9: LE BUISSON | I9: 24480 | J9: LE BUISSON DE CADOUIN | K9: 06 32 26 17 75 | L9: 43311 | M9: 43330 | N9: SV CAEN | O9: Leila Taamali | P9: 0 | Q9: 0 | R9: 0 | S9: 0 | AE9: 14 | AF9: 0 | AG9: =SUM(AE9:AF9) -> 14 | AH9: 3 | AM9: =SUM(AI9:AL9) -> 0 | AO9: =T9+V9+X9+Z9+AB9+AG9+AF9 -> 14 | AP9: =+AH9+AN9 -> 3 | AQ9: =+AG9/AH9 -> 4.6666667 | AR9: =+AM9/AN9 -> #DIV/0! | AS9: =+AO9/AP9 -> 4.6666667 | AT9: DORDOGNE AVENTURES | AU9: =AG9+AO9 -> 28
A10: CAEN | B10: SV A | C10: NORMANDIE | D10: 8 | E10: 14 | F10: BAYEUX | G10: IME LE PRIEURE - 6 RUE DE L'EGLISE | H10: BAYEUX | I10: 14400 | J10: ST VIGOR LE GRAND | K10: 02.31.92.77.88 | L10: 43311 | M10: 43330 | N10: SV CAEN | O10: Elodie Tibedeau | P10: 0 | Q10: 0 | R10: 0 | S10: 0 | AE10: 21 | AF10: 0 | AG10: =SUM(AE10:AF10) -> 21 | AH10: 5 | AM10: =SUM(AI10:AL10) -> 0 | AO10: =T10+V10+X10+Z10+AB10+AG10+AF10 -> 21 | AP10: =+AH10+AN10 -> 5 | AQ10: =+AG10/AH10 -> 4.2 | AR10: =+AM10/AN10 -> #DIV/0! | AS10: =+AO10/AP10 -> 4.2 | AT10: TRÉSOR NORMAND | AU10: =AG10+AO10 -> 42
A11: CAEN | B11: SV A | C11: NORMANDIE | D11: 8 | E11: 14 | F11: GRANDCAMP MAISY | G11: CENTRE UNCMT - QUIERI QUIERETTES - QUAI CRAMPON | H11: GRANDCAMP | I11: 14450 | J11: GRANDCAMP-MAISY | K11: 02.31.22.60.29 | L11: 43311 | M11: 43336 | N11: SV CAEN | O11: Lucile Montauban | P11: 0 | Q11: 0 | R11: 0 | S11: 0 | AE11: 6 | AF11: 18 | AG11: =SUM(AE11:AF11) -> 24 | AH11: 6 | AM11: =SUM(AI11:AL11) -> 0 | AO11: =T11+V11+X11+Z11+AB11+AG11+AF11 -> 42 | AP11: =+AH11+AN11 -> 6 | AQ11: =+AG11/AH11 -> 4 | AR11: =+AM11/AN11 -> #DIV/0! | AS11: =+AO11/AP11 -> 7 | AT11: CÔTÉ MER | AU11: =AG11+AO11 -> 66
A12: CAEN | B12: SV A | C12: NORMANDIE | D12: 8 | E12: 61 | F12: MORTAGNE AU PERCHE | G12: MFR 4 RUE DU CHARTRAGE | H12: MORTAGNE AU PERCHE | I12: 61400 | J12: MORTAGNE AU PERCHE | K12: 02 33 25 08 76 | L12: 43311 | M12: 43330 | N12: SV CAEN | O12: Elodie Nicolas | P12: 0 | Q12: 0 | R12: 0 | S12: 0 | AE12: 7 | AF12: 14 | AG12: =SUM(AE12:AF12) -> 21 | AH12: 5 | AM12: =SUM(AI12:AL12) -> 0 | AO12: =T12+V12+X12+Z12+AB12+AG12+AF12 -> 35 | AP12: =+AH12+AN12 -> 5 | AQ12: =+AG12/AH12 -> 4.2 | AR12: =+AM12/AN12 -> #DIV/0! | AS12: =+AO12/AP12 -> 7 | AT12: AUX PORTES DU PERCHE | AU12: =AG12+AO12 -> 56
A13: CAEN | B13: SV A | C13: OCCITANIE | D13: 8 | E13: 12 | F13: LARQUINEL | G13: GITE DE LA BLAQUIERE - LARQUINEL | H13: LARQUINEL | I13: 12520 | J13: VERRIERES | K13: 06 40 83 70 74 | L13: 43311 | M13: 43330 | N13: SV CAEN | O13: Dorian Justin | P13: 0 | Q13: 0 | R13: 0 | S13: 0 | AE13: 13 | AF13: 0 | AG13: =SUM(AE13:AF13) -> 13 | AH13: 3 | AM13: =SUM(AI13:AL13) -> 0 | AO13: =T13+V13+X13+Z13+AB13+AG13+AF13 -> 13 | AP13: =+AH13+AN13 -> 3 | AQ13: =+AG13/AH13 -> 4.3333333 | AR13: =+AM13/AN13 -> #DIV/0! | AS13: =+AO13/AP13 -> 4.3333333 | AT13: AVEYRON DYNAMIQUE | AU13: =AG13+AO13 -> 26
A14: CAEN | B14: SV A | C14: PAYS DE LOIRE | D14: 8 | E14: 49 | F14: CHEMILLE | G14: MFR "COULVEE" BP 80035 | H14: CHEMILLE | I14: 49120 | J14: CHEMILLE | K14: 02 41 30 96 33 | L14: 43311 | M14: 43330 | N14: SV CAEN | O14: Laurent Pointal | P14: 0 | Q14: 0 | R14: 0 | S14: 0 | AF14: 24 | AG14: =SUM(AE14:AF14) -> 24 | AH14: 10 | AM14: =SUM(AI14:AL14) -> 0 | AO14: =T14+V14+X14+Z14+AB14+AG14+AF14 -> 48 | AP14: =+AH14+AN14 -> 10 | AQ14: =+AG14/AH14 -> 2.4 | AR14: =+AM14/AN14 -> #DIV/0! | AS14: =+AO14/AP14 -> 4.8 | AT14: DOUCEUR ANGEVINE | AU14: =AG14+AO14 -> 72
A15: CAEN | B15: SV A | C15: PAYS DE LOIRE | D15: 8 | E15: 85 | F15: ST HILAIRE DE RIEZ | G15: CAMPING LA PLAGE DE RIEZ - AVENUE DES MIMOSAS | H15: ST HILAIRE | I15: 85270 | J15: ST HILAIRE DE RIEZ | K15: 06 85 52 02 75 | L15: 43311 | M15: 43330 | N15: SV CAEN | O15: Joachim Fouach | P15: 0 | Q15: 0 | R15: 0 | S15: 0 | AE15: 7 | AF15: 8 | AG15: =SUM(AE15:AF15) -> 15 | AH15: 15 | AM15: =SUM(AI15:AL15) -> 0 | AO15: =T15+V15+X15+Z15+AB15+AG15+AF15 -> 23 | AP15: =+AH15+AN15 -> 15 | AQ15: =+AG15/AH15 -> 1 | AR15: =+AM15/AN15 -> #DIV/0! | AS15: =+AO15/AP15 -> 1.5333333 | AT15: SABLE ET MERVEILLES | AU15: =AG15+AO15 -> 38
A16: CAEN | B16: SV M | C16: ALSACE | D16: 8 | E16: 67 | F16: BELMONT | G16: CENTRE D'ACCUEIL LES SAPINS AU COIN DU FEU | H16: BELMONT | I16: 67130 | J16: BELMONT | K16: 03.88.97.34.57 | L16: 43311 | M16: 43330 | N16: SV CAEN | O16: Jeremy Lexee | P16: 0 | Q16: 0 | R16: 0 | S16: 0 | AG16: =SUM(AE16:AF16) -> 0 | AJ16: 7 | AK16: 8 | AL16: 9 | AM16: =SUM(AI16:AL16) -> 24 | AN16: 11 | AO16: =T16+V16+X16+Z16+AB16+AE16+AM16 -> 24 | AP16: =+AH16+AN16 -> 11 | AQ16: =+AG16/AH16 -> #DIV/0! | AR16: =+AM16/AN16 -> 2.1818182 | AS16: =+AO16/AP16 -> 2.1818182 | AU16: =AG16+AO16 -> 24
A17: CAEN | B17: SV M | C17: AUVERGNE RHONE ALPES | D17: 8 | E17: 63 | F17: VISCOMTAT | G17: 63463 | H17: LA PLANCHE | I17: 63250 | J17: VISCOMTAT | K17: 04.73.51.81.26 | L17: 43311 | M17: 43330 | N17: SV CAEN | O17: Oumeyma Lahdi | P17: 0 | Q17: 0 | R17: 0 | S17: 0 | AG17: =SUM(AE17:AF17) -> 0 | AK17: 14 | AL17: 14 | AM17: =SUM(AI17:AL17) -> 28 | AN17: 13 | AO17: =T17+V17+X17+Z17+AB17+AE17+AM17 -> 28 | AP17: =+AH17+AN17 -> 13 | AQ17: =+AG17/AH17 -> #DIV/0! | AR17: =+AM17/AN17 -> 2.1538462 | AS17: =+AO17/AP17 -> 2.1538462 | AU17: =AG17+AO17 -> 28
A18: CAEN | B18: SV M | C18: AUVERGNE RHONE ALPES | D18: 8 | E18: 73 | F18: VALLOIRE | G18: 73306 | H18: VALLOIRE | I18: 73450 | J18: VALLOIRE | K18: 06 40 83 72 45 | L18: 43311 | M18: 43330 | N18: SV CAEN | O18: Emanuelle Laporte | P18: 0 | Q18: 0 | R18: 0 | S18: 0 | AG18: =SUM(AE18:AF18) -> 0 | AL18: 24 | AM18: 24 | AN18: 9 | AO18: =T18+V18+X18+Z18+AB18+AE18+AM18 -> 24 | AP18: =+AH18+AN18 -> 9 | AQ18: =+AG18/AH18 -> #DIV/0! | AR18: =+AM18/AN18 -> 2.6666667 | AS18: =+AO18/AP18 -> 2.6666667 | AU18: =AG18+AO18 -> 24
A19: CAEN | B19: SV M | C19: BRETAGNE | D19: 8 | E19: 22 | F19: CHAPELLE NEUVE | G19: CENTRE FORET BOCAGE - 5 HENT AN DACHENN SPORT | H19: CHAPELLE NEUVE | I19: 22160 | J19: CHAPELLE NEUVE | K19: 02 96 21 62 34 | L19: 43311 | M19: 43330 | N19: SV CAEN | O19: Sophie Baptista | P19: 0 | Q19: 0 | R19: 0 | S19: 0 | AG19: =SUM(AE19:AF19) -> 0 | AJ19: 14 | AK19: 14 | AM19: =SUM(AI19:AL19) -> 28 | AN19: =8+3 -> 11 | AO19: =T19+V19+X19+Z19+AB19+AE19+AM19 -> 28 | AP19: =+AH19+AN19 -> 11 | AQ19: =+AG19/AH19 -> #DIV/0! | AR19: =+AM19/AN19 -> 2.5454545 | AS19: =+AO19/AP19 -> 2.5454545 | AU19: =AG19+AO19 -> 28
A20: CAEN | B20: SV M | C20: BRETAGNE | D20: 8 | E20: 29 | F20: ARGOL | G20: 29001 | H20: ARGOL | I20: 29560 | J20: ARGOL | K20: 06 32 26 18 04 | L20: 43311 | M20: 43330 | N20: SV CAEN | O20: Annulé | P20: 0 | Q20: 0 | R20: 0 | S20: 0 | AG20: =SUM(AE20:AF20) -> 0 | AK20: 10 | AL20: 10 | AM20: 20 | AN20: 11 | AO20: =T20+V20+X20+Z20+AB20+AE20+AM20 -> 20 | AP20: =+AH20+AN20 -> 11 | AQ20: =+AG20/AH20 -> #DIV/0! | AR20: =+AM20/AN20 -> 1.8181818 | AS20: =+AO20/AP20 -> 1.8181818 | AU20: =AG20+AO20 -> 20
A21: CAEN | B21: SV M | C21: BRETAGNE | D21: 8 | E21: 29 | F21: LOCMARIA-BERRIEN | G21: LA GARE | H21: LOCMARIA | I21: 29680 | J21: LOCMARIA-BERRIEN | K21: 06 85 52 02 49 | L21: 43311 | M21: 43330 | N21: SV CAEN | O21: Jonathan Louis | P21: 0 | Q21: 0 | R21: 0 | S21: 0 | AG21: =SUM(AE21:AF21) -> 0 | AK21: 7 | AL21: 7 | AM21: =SUM(AI21:AL21) -> 14 | AN21: 5 | AO21: =T21+V21+X21+Z21+AB21+AE21+AM21 -> 14 | AP21: =+AH21+AN21 -> 5 | AQ21: =+AG21/AH21 -> #DIV/0! | AR21: =+AM21/AN21 -> 2.8 | AS21: =+AO21/AP21 -> 2.8 | AU21: =AG21+AO21 -> 14
A22: CAEN | B22: SV M | C22: BRETAGNE | D22: 8 | E22: 35 | F22: THORIGNE FOUILLARD | G22: 35334 | H22: THORIGNÉ FOUILLARD | I22: 35510 | J22: THORIGNE FOUILLARD | K22: 02 99 62 03 19 | L22: 43311 | M22: 43336 | N22: SV CAEN | O22: Laurence Dally | P22: 0 | Q22: 0 | R22: 0 | S22: 0 | AG22: =SUM(AE22:AF22) -> 0 | AJ22: 7 | AK22: 7 | AL22: 14 | AM22: =SUM(AI22:AL22) -> 28 | AN22: 13 | AO22: =T22+V22+X22+Z22+AB22+AE22+AM22 -> 28 | AP22: =+AH22+AN22 -> 13 | AQ22: =+AG22/AH22 -> #DIV/0! | AR22: =+AM22/AN22 -> 2.1538462 | AS22: =+AO22/AP22 -> 2.1538462 | AU22: =AG22+AO22 -> 28
A23: CAEN | B23: SV M | C23: HAUTS DE France | D23: 8 | E23: 59 | F23: MORBECQUE | G23: 59416 | H23: MORBECQUE | I23: 59190 | J23: HAZEBROUCK | K23: 06 85 52 03 64 | L23: 43311 | M23: 43330 | N23: SV CAEN | O23: Hoel Boison | P23: 0 | Q23: 0 | R23: 0 | S23: 0 | AG23: =SUM(AE23:AF23) -> 0 | AI23: 6 | AJ23: 6 | AK23: 6 | AL23: =6+7 -> 13 | AM23: =SUM(AI23:AL23) -> 31 | AN23: =12+3 -> 15 | AO23: =T23+V23+X23+Z23+AB23+AE23+AM23 -> 31 | AP23: =+AH23+AN23 -> 15 | AQ23: =+AG23/AH23 -> #DIV/0! | AR23: =+AM23/AN23 -> 2.0666667 | AS23: =+AO23/AP23 -> 2.0666667 | AU23: =AG23+AO23 -> 31
A24: CAEN | B24: SV M | C24: NORMANDIE | D24: 8 | E24: 14 | F24: BALLEROY | G24: MFR 81 RUE DES FORGES | H24: BALLEROY | I24: 14490 | J24: BALLEROY | K24: 02 31 21 08 72 | L24: 43311 | M24: 43330 | N24: SV CAEN | O24: Justine Huard | P24: 0 | Q24: 0 | R24: 0 | S24: 0 | AG24: =SUM(AE24:AF24) -> 0 | AI24: 7 | AJ24: 7 | AK24: 7 | AL24: 7 | AM24: =SUM(AI24:AL24) -> 28 | AN24: 15 | AO24: =T24+V24+X24+Z24+AB24+AE24+AM24 -> 28 | AP24: =+AH24+AN24 -> 15 | AQ24: =+AG24/AH24 -> #DIV/0! | AR24: =+AM24/AN24 -> 1.8666667 | AS24: =+AO24/AP24 -> 1.8666667 | AU24: =AG24+AO24 -> 28
A25: CAEN | B25: SV M | C25: NORMANDIE | D25: 8 | E25: 14 | F25: TAILLEVILLE | G25: CENTRE UNCMT - MANOIR DES HAUTS TILLEULS 3 RUE DE SAINT AUBIN | H25: TAILLEVILLE | I25: 14440 | J25: TAILLEVILLE | K25: 02.31.37.30.38 | L25: 43311 | M25: 43330 | N25: SV CAEN | O25: Laurence Leberre | P25: 0 | Q25: 0 | R25: 0 | S25: 0 | T25: 20 | U25: 2 | V25: 20 | W25: 2 | AG25: =SUM(AE25:AF25) -> 0 | AI25: =7+9 -> 16 | AJ25: =7+9 -> 16 | AM25: =SUM(AI25:AL25) -> 32 | AN25: =5+3+7 -> 15 | AO25: =T25+V25+X25+Z25+AB25+AE25+AM25 -> 72 | AP25: =+AH25+AN25+U25+W25 -> 19 | AQ25: =+AG25/AH25 -> #DIV/0! | AR25: =+AM25/AN25 -> 2.1333333 | AS25: =+AO25/AP25 -> 3.7894737 | AU25: =AG25+AO25 -> 72
A26: CAEN | B26: SV M | C26: NORMANDIE | D26: 8 | E26: =LEFT(I26,2) -> 14 | F26: GRAYE SUR MER | G26: DOMAINE DE VAUX | H26: GRAYE SUR MER | I26: 14470 | J26: GRAYE SUR MER | K26: 07 72 09 56 41 | L26: 43289 | M26: 43307 | N26: SV CAEN | O26: Mathilde Rodier | P26: 0 | Q26: 0 | R26: 0 | S26: 0 | T26: 20 | U26: 2 | V26: 20 | W26: 2 | AG26: =SUM(AE26:AF26) -> 0 | AI26: 1 | AJ26: 1 | AM26: =SUM(AI26:AL26) -> 2 | AN26: 1 | AO26: =T26+V26+X26+Z26+AB26+AE26+AM26 -> 42 | AP26: =+AH26+AN26+U26+W26 -> 5 | AQ26: =+AG26/AH26 -> #DIV/0! | AR26: =+AM26/AN26 -> 2 | AS26: =+AO26/AP26 -> 8.4 | AU26: =AG26+AO26 -> 42
A27: CAEN | B27: SV M | C27: NORMANDIE | D27: 8 | E27: =LEFT(I27,2) -> 14 | F27: GRAYE SUR MER | G27: DOMAINE DE VAUX | H27: GRAYE SUR MER | I27: 14470 | J27: GRAYE SUR MER | K27: 06 85 52 06 44 | L27: 43311 | M27: 43324 | N27: SV CAEN | O27: Dariane Clerempuy | P27: 0 | Q27: 0 | R27: 0 | S27: 0 | T27: 15 | U27: 2 | V27: 20 | W27: 2 | AG27: =SUM(AE27:AF27) -> 0 | AI27: 2 | AM27: =SUM(AI27:AL27) -> 2 | AN27: 1 | AO27: =T27+V27+X27+Z27+AB27+AE27+AM27 -> 37 | AP27: =+AH27+AN27+U27+W27 -> 5 | AQ27: =+AG27/AH27 -> #DIV/0! | AR27: =+AM27/AN27 -> 2 | AS27: =+AO27/AP27 -> 7.4 | AU27: =AG27+AO27 -> 37
A28: CAEN | B28: SV M | C28: NORMANDIE | D28: 8 | E28: =LEFT(I28,2) -> 14 | F28: GRAYE SUR MER | G28: DOMAINE DE VAUX | H28: GRAYE SUR MER | I28: 14470 | J28: GRAYE SUR MER | K28: 06 85 52 06 44 | L28: 43324 | M28: 43337 | N28: SV CAEN | O28: Dariane Clerempuy | P28: 0 | Q28: 0 | R28: 0 | S28: 0 | X28: 12 | Y28: 2 | Z28: 16 | AA28: 1 | AD28: 3 | AG28: =SUM(AE28:AF28) -> 0 | AM28: =SUM(AI28:AL28) -> 0 | AO28: =T28+V28+X28+Z28+AB28+AG28+AM28 -> 28 | AP28: =+AH28+AN28+U28+W28+Y28+AA28 -> 3 | AQ28: =+AG28/AH28 -> #DIV/0! | AR28: =+AM28/AN28 -> #DIV/0! | AS28: =+AO28/AP28 -> 9.3333333 | AU28: =AG28+AO28 -> 28
A29: CAEN | B29: SV M | C29: NORMANDIE | D29: 8 | E29: =LEFT(I29,2) -> 50 | F29: MORTAIN | G29: MFR BELLE ETOILE | H29: MORTAIN | I29: 50140 | J29: MORTAIN | K29: 06 85 52 37 06 | L29: 43311 | M29: 43330 | N29: SV CAEN | O29: Elodie Benachour | P29: 0 | Q29: 0 | R29: 0 | S29: 0 | AG29: =SUM(AE29:AF29) -> 0 | AK29: 12 | AL29: 12 | AM29: =SUM(AI29:AL29) -> 24 | AN29: =8+3 -> 11 | AO29: =T29+V29+X29+Z29+AB29+AE29+AM29 -> 24 | AP29: =+AH29+AN29 -> 11 | AQ29: =+AG29/AH29 -> #DIV/0! | AR29: =+AM29/AN29 -> 2.1818182 | AS29: =+AO29/AP29 -> 2.1818182 | AU29: =AG29+AO29 -> 24
A30: CAEN | B30: SV M | C30: NOUVELLE-AQUITAINE | D30: 8 | E30: 24 | F30: MAUZENS | G30: 24183 | H30: LAVAURE | I30: 24260 | J30: LE BUGUE | K30: 05,53,03,23,66 | L30: 43311 | M30: 43330 | N30: SV CAEN | O30: Marie Mathieu | P30: 0 | Q30: 0 | R30: 0 | S30: 0 | AG30: =SUM(AE30:AF30) -> 0 | AK30: 6 | AL30: 24 | AM30: 30 | AN30: =11+3 -> 14 | AO30: =T30+V30+X30+Z30+AB30+AE30+AM30 -> 30 | AP30: =+AH30+AN30 -> 14 | AQ30: =+AG30/AH30 -> #DIV/0! | AR30: =+AM30/AN30 -> 2.1428571 | AS30: =+AO30/AP30 -> 2.1428571 | AU30: =AG30+AO30 -> 30
A31: CAEN | B31: SV M | C31: NOUVELLE-AQUITAINE | D31: 8 | E31: 79 | F31: EXOUDUN | G31: CARAE - 16 RUE DE PIED DE VIGNE | H31: EXOUDUN | I31: 79800 | J31: EXOUDUN | K31: 05 49 05 01 87 | L31: 43311 | M31: 43330 | N31: SV CAEN | O31: Alicia Poliak | P31: 0 | Q31: 0 | R31: 0 | S31: 0 | AG31: =SUM(AE31:AF31) -> 0 | AJ31: 12 | AK31: 12 | AM31: =SUM(AI31:AL31) -> 24 | AN31: 11 | AO31: =T31+V31+X31+Z31+AB31+AE31+AM31 -> 24 | AP31: =+AH31+AN31 -> 11 | AQ31: =+AG31/AH31 -> #DIV/0! | AR31: =+AM31/AN31 -> 2.1818182 | AS31: =+AO31/AP31 -> 2.1818182 | AU31: =AG31+AO31 -> 24
A32: CAEN | B32: SV M | C32: NOUVELLE-AQUITAINE | D32: 8 | E32: 79 | F32: ST LOUP LAMAIRE | G32: MFR 2 RUE DE LA CAPE | H32: ST LOUP LA MAIRE | I32: 79600 | J32: ST LOUP LA MAIRE | K32: 05.49.64.60.46 | L32: 43311 | M32: 43330 | N32: SV CAEN | O32: Laetitia Barraud | P32: 0 | Q32: 0 | R32: 0 | S32: 0 | AG32: =SUM(AE32:AF32) -> 0 | AK32: 14 | AL32: 14 | AM32: 28 | AN32: 12 | AO32: =T32+V32+X32+Z32+AB32+AE32+AM32 -> 28 | AP32: =+AH32+AN32 -> 12 | AQ32: =+AG32/AH32 -> #DIV/0! | AR32: =+AM32/AN32 -> 2.3333333 | AS32: =+AO32/AP32 -> 2.3333333 | AU32: =AG32+AO32 -> 28
A33: CAEN | B33: SV M | C33: OCCITANIE | D33: 8 | E33: 12 | F33: VERRIERES | G33: 12131 | H33: BECOURS | I33: 12520 | J33: VERRIERES | K33: 0 | L33: 43311 | M33: 43330 | N33: SV CAEN | O33: Mathilde Rodier | P33: 0 | Q33: 0 | R33: 0 | S33: 0 | AG33: =SUM(AE33:AF33) -> 0 | AJ33: =14+6 -> 20 | AK33: 14 | AM33: =SUM(AI33:AL33) -> 34 | AN33: 16 | AO33: =T33+V33+X33+Z33+AB33+AE33+AM33 -> 34 | AP33: =+AH33+AN33 -> 16 | AQ33: =+AG33/AH33 -> #DIV/0! | AR33: =+AM33/AN33 -> 2.125 | AS33: =+AO33/AP33 -> 2.125 | AU33: =AG33+AO33 -> 34
A34: CAEN | B34: SV M | C34: PAYS DE LOIRE | D34: 8 | E34: 49 | F34: BEAUPREAU | G34: MFREO 8 RUE DES CEDRES | H34: BEAUPREAU | I34: 49600 | J34: BEAUPREAU | K34: 02 41 63 92 80 | L34: 43311 | M34: 43330 | N34: SV CAEN | O34: Anne Krenkner | P34: 0 | Q34: 0 | R34: 0 | S34: 0 | AG34: =SUM(AE34:AF34) -> 0 | AI34: 7 | AJ34: 7 | AK34: 7 | AL34: 7 | AM34: =SUM(AI34:AL34) -> 28 | AN34: 15 | AO34: =T34+V34+X34+Z34+AB34+AE34+AM34 -> 28 | AP34: =+AH34+AN34 -> 15 | AQ34: =+AG34/AH34 -> #DIV/0! | AR34: =+AM34/AN34 -> 1.8666667 | AS34: =+AO34/AP34 -> 1.8666667 | AU34: =AG34+AO34 -> 28
A35: CAEN | B35: SV M | C35: PAYS DE LOIRE | D35: 8 | E35: 49 | F35: GEE | G35: MFR LA PANIGAUDIERE | H35: GÉE | I35: 49250 | J35: GEE | K35: 02 41 80 30 99 | L35: 43311 | M35: 43330 | N35: SV CAEN | O35: Marine Klein | P35: 0 | Q35: 0 | R35: 0 | S35: 0 | AG35: =SUM(AE35:AF35) -> 0 | AK35: 12 | AL35: 12 | AM35: 24 | AN35: 10 | AO35: =T35+V35+X35+Z35+AB35+AE35+AM35 -> 24 | AP35: =+AH35+AN35 -> 10 | AQ35: =+AG35/AH35 -> #DIV/0! | AR35: =+AM35/AN35 -> 2.4 | AS35: =+AO35/AP35 -> 2.4 | AU35: =AG35+AO35 -> 24
A36: CAEN | B36: SV M | C36: PAYS DE LOIRE | D36: 8 | E36: 72 | F36: VERNEIL | G36: MFR VERNEIL LE CHETIF CHÂTEAU DE MANGE | H36: VERNEIL | I36: 72360 | J36: VERNEIL LE CHETIF | K36: 06 40 83 71 89 | L36: 43311 | M36: 43330 | N36: SV CAEN | O36: Fatima Katouf | P36: 0 | Q36: 0 | R36: 0 | S36: 0 | AG36: =SUM(AE36:AF36) -> 0 | AK36: 12 | AL36: 18 | AM36: =SUM(AI36:AL36) -> 30 | AN36: 14 | AO36: =T36+V36+X36+Z36+AB36+AE36+AM36 -> 30 | AP36: =+AH36+AN36 -> 14 | AQ36: =+AG36/AH36 -> #DIV/0! | AR36: =+AM36/AN36 -> 2.1428571 | AS36: =+AO36/AP36 -> 2.1428571 | AU36: =AG36+AO36 -> 30
A37: CAEN | B37: SV M | C37: PAYS DE LOIRE | D37: 8 | E37: 85 | F37: OLONNE SUR MER | G37: 35334 | H37: OLONNE SUR MER | I37: 85340 | J37: OLONNE SUR MER | K37: 02.51.90.70.63 | L37: 43311 | M37: 43330 | N37: SV CAEN | O37: Charlotte Leguillard | P37: 0 | Q37: 0 | R37: 0 | S37: 0 | AG37: =SUM(AE37:AF37) -> 0 | AK37: 14 | AL37: 14 | AM37: 28 | AN37: 12 | AO37: =T37+V37+X37+Z37+AB37+AE37+AM37 -> 28 | AP37: =+AH37+AN37 -> 12 | AQ37: =+AG37/AH37 -> #DIV/0! | AR37: =+AM37/AN37 -> 2.3333333 | AS37: =+AO37/AP37 -> 2.3333333 | AU37: =AG37+AO37 -> 28
A38: CAEN | B38: SV M | C38: VOSGES | D38: 8 | E38: 88 | F38: REMIREMONT | G38: 88415 | H38: REMIREMONT | I38: 88200 | J38: ST ETIENNE LES REMIREMONT | K38: 03 29 61 00 12 | L38: 43311 | M38: 43330 | N38: SV CAEN | O38: Ninah Razafindrasoa | P38: 0 | Q38: 0 | R38: 0 | S38: 0 | AG38: =SUM(AE38:AF38) -> 0 | AI38: 12 | AJ38: 12 | AK38: 7 | AM38: =SUM(AI38:AL38) -> 31 | AN38: 13 | AO38: =T38+V38+X38+Z38+AB38+AE38+AM38 -> 31 | AP38: =+AH38+AN38 -> 13 | AQ38: =+AG38/AH38 -> #DIV/0! | AR38: =+AM38/AN38 -> 2.3846154 | AS38: =+AO38/AP38 -> 2.3846154 | AU38: =AG38+AO38 -> 31
A39: CAEN | B39: SV A | C39: NORMANDIE | D39: 8 | E39: 14 | F39: BLANGY LE CHÂTEAU | G39: MFR ROUTE DU MESNIL | H39: BLANGY | I39: 14130 | J39: BLANGY LE CHÂTEAU | K39: 02 31 64 15 83 | L39: 43311 | M39: 43330 | N39: SV CAEN | O39: Meliza Osmane | P39: 0 | Q39: 0 | R39: 0 | S39: 0 | AF39: 24 | AG39: =SUM(AE39:AF39) -> 24 | AH39: 10 | AM39: =SUM(AI39:AL39) -> 0 | AO39: =T39+V39+X39+Z39+AB39+AG39+AF39 -> 48 | AP39: =+AH39+AN39 -> 10 | AQ39: =+AG39/AH39 -> 2.4 | AR39: =+AM39/AN39 -> #DIV/0! | AS39: =+AO39/AP39 -> 4.8 | AT39: DOUCEUR À BLANGY | AU39: =AG39+AO39 -> 72
A40: CHALON | B40: SV A | C40: AUVERGNE RHONE ALPES | D40: 8 | E40: 26 | F40: RECOUBEAU-JANZAC | G40: Gîte de Roquebel | H40: , | I40: 26310 | J40: RECOUBEAU-JANSAC | K40: 06 35 15 89 58 | L40: 43310 | M40: 43329 | N40: SV CHALON | O40: GRANDJEAN LAURENCE | P40: 0 | Q40: 0 | R40: BAFA DVLA ANCIENNETE EEDF FONCTION | S40: 0 | AG40: 21 | AH40: 6 | AM40: 0 | AO40: 21 | AP40: 6 | AQ40: 3.5 | AR40: #DIV/0! | AS40: 3.5 | AT40: Parfum de Vacances | AU40: =AG40+AO40 -> 42
A41: CHALON | B41: SV A | C41: AUVERGNE RHONE ALPES | D41: 8 | E41: 38 | F41: CHAMROUSSE | G41: Chalet BELLEDONNE | H41: 52rue des Cargneules | I41: 38410 | J41: CHAMROUSSE | K41: 06 11 79 98 98 | L41: 43310 | M41: 43329 | N41: SV CHALON | O41: MARTELLEUR AXEL | P41: 0 | Q41: 0 | R41: BAFD EN COURS ANCIENNETE EEDF FONCTION | S41: 0 | AG41: 21 | AH41: 8 | AM41: 0 | AO41: 21 | AP41: 8 | AQ41: 2.63 | AR41: #DIV/0! | AS41: 2.63 | AT41: Vert Horizon | AU41: =AG41+AO41 -> 42
A42: CHALON | B42: SV A | C42: AUVERGNE RHONE ALPES | D42: 8 | E42: 38 | F42: L'ALPE DU GRAND SERRE | G42: GITE LE BIENVEILLANT | H42: Le Désert | I42: 38350 | J42: L'ALPE DU GRAND SERRE | K42: 06 35 35 56 79 | L42: 43310 | M42: 43329 | N42: SV CHALON | O42: CAILLET CORENTIN | P42: 0 | Q42: 0 | R42: EQUIVALENCE BAFD ANCIENNETE EEDF PUBLIC | S42: 0 | AG42: 24 | AH42: 6 | AM42: 0 | AO42: 24 | AP42: 6 | AQ42: 4 | AR42: #DIV/0! | AS42: 4 | AT42: Montagne Emotion | AU42: =AG42+AO42 -> 48
A43: CHALON | B43: SV A | C43: AUVERGNE RHONE ALPES | D43: 8 | E43: 69 | F43: STE CONSEORCE | G43: M.F.R. OUEST Lyonnais | H43: La Brossonière | I43: 69280 | J43: STE CONSORCE | K43: 06 35 24 39 16 | L43: 43310 | M43: 43329 | N43: SV CHALON | O43: JAEGLE MELANIE | P43: 0 | Q43: 0 | R43: ANCIENNETE EEDF PUBLIC | S43: 0 | AG43: 18 | AH43: 7 | AM43: 0 | AO43: 18 | AP43: 7 | AQ43: 2.57 | AR43: #DIV/0! | AS43: 2.57 | AT43: Parenthèse Lyonnaise | AU43: =AG43+AO43 -> 36
A44: CHALON | B44: SV A | C44: AUVERGNE RHONE ALPES | D44: 8 | E44: 69 | F44: THURINS | G44: Gîte Albaydo | H44: Le Bayard | I44: 69510 | J44: THURINS | K44: 06 46 79 53 32 | L44: 43310 | M44: 43329 | N44: SV CHALON | O44: ABDOU NAIMI | P44: 0 | Q44: 0 | R44: BAFD EN COURS ANCIENNETE EEDF FONCTION | S44: 0 | AG44: 14 | AH44: 4 | AM44: 0 | AO44: 14 | AP44: 4 | AQ44: 3.5 | AR44: #DIV/0! | AS44: 3.5 | AT44: Bouchons Lyonnais | AU44: =AG44+AO44 -> 28
A45: CHALON | B45: SV A | C45: AUVERGNE RHONE ALPES | D45: 8 | E45: 73 | F45: ALBIEZ-MONTROND | G45: Action Pleine Nature | H45: Le Chalmieu | I45: 73530 | J45: ALBIEZ-MONTROND | K45: 06 24 49 50 72 | L45: 43310 | M45: 43329 | N45: SV CHALON | O45: BOUALI NORDINE | P45: 0 | Q45: 0 | R45: BAFD DVLA ANCIENNETE EEDF FONCTION | S45: 0 | AG45: 18 | AH45: 5 | AM45: 0 | AO45: 18 | AP45: 5 | AQ45: 3.6 | AR45: #DIV/0! | AS45: 3.6 | AT45: Break Altitude | AU45: =AG45+AO45 -> 36
A46: CHALON | B46: SV A | C46: AUVERGNE RHONE ALPES | D46: 8 | E46: 73 | F46: ARECHES BEAUFORT | G46: CHALET Le Chornais | H46: Arêches | I46: 73270 | J46: ARECHES BEAUFORT | K46: 06 34 01 23 26 | L46: 43310 | M46: 43329 | N46: SV CHALON | O46: CROQUETTE QUENTIN | P46: 0 | Q46: 0 | R46: BAFA DEME EN COURS ANCIENNETE EEDF PUBLIC | S46: 0 | AG46: 24 | AH46: 8 | AM46: 0 | AO46: 24 | AP46: 8 | AQ46: 3 | AR46: #DIV/0! | AS46: 3 | AT46: Pays du Beaufortin | AU46: =AG46+AO46 -> 48
A47: CHALON | B47: SV A | C47: AUVERGNE RHONE ALPES | D47: 8 | E47: 74 | F47: BONNE | G47: M.F.R. | H47: 1154 route des Alluaz | I47: 74380 | J47: BONNE | K47: 06 24 04 43 08 | L47: 43310 | M47: 43329 | N47: SV CHALON | O47: OGER AYMERIC | P47: 0 | Q47: 0 | R47: BAFA ANCIENNETE EEDF FONCTION | S47: 0 | AG47: 12 | AH47: 7 | AM47: 0 | AO47: 12 | AP47: 7 | AQ47: 1.71 | AR47: #DIV/0! | AS47: 1.71 | AT47: En bleu et vert | AU47: =AG47+AO47 -> 24
A48: CHALON | B48: SV A | C48: AUVERGNE RHONE ALPES | D48: 8 | E48: 74 | F48: BONNE | G48: M.F.R. | H48: 1154 route des Alluaz | I48: 74380 | J48: BONNE | K48: 06 24 04 43 08 | L48: 43310 | M48: 43329 | N48: SV CHALON | O48: OGER AYMERIC | P48: 0 | Q48: 0 | R48: BAFA ANCIENNETE EEDF FONCTION | S48: 0 | AG48: 12 | AH48: 9 | AM48: 0 | AO48: 12 | AP48: 9 | AQ48: 1.33 | AR48: #DIV/0! | AS48: 1.33 | AT48: Escapade gourmande | AU48: =AG48+AO48 -> 24
A49: CHALON | B49: SV A | C49: AUVERGNE RHONE ALPES | D49: 8 | E49: 74 | F49: SALLANCHES | G49: MFR LE CLOS DES BAZ | H49: 240av André Lesquin | I49: 74700 | J49: SALLANCHES | K49: 06 14 13 16 13 | L49: 43310 | M49: 43329 | N49: SV CHALON | O49: GAILLOU ANTOINE | P49: 0 | Q49: 0 | R49: BAFD EN COURS DVLA ANCIENNETE EEDF FONCTION | S49: 0 | AG49: 18 | AH49: 11 | AM49: 0 | AO49: 18 | AP49: 11 | AQ49: 1.64 | AR49: #DIV/0! | AS49: 1.64 | AT49: Vue sur le Mont Blanc | AU49: =AG49+AO49 -> 36
A50: CHALON | B50: SV A | C50: AUVERGNE RHONE ALPES | D50: 8 | E50: 01 | F50: BAGE LE CHATEL | G50: MFR | H50: 325 Chemin de Ronde | I50: 1380 | J50: BAGE LE CHATEL | K50: 06 24 60 98 82 | L50: 43310 | M50: 43329 | N50: SV CHALON | P50: 0 | Q50: 0 | S50: 0 | AG50: 18 | AH50: 11 | AM50: 0 | AO50: 18 | AP50: 11 | AQ50: 1.64 | AR50: #DIV/0! | AS50: 1.64 | AT50: Ainstant détente | AU50: =AG50+AO50 -> 36
A51: CHALON | B51: SV A | C51: AUVERGNE RHONE ALPES | D51: 8 | E51: 07 | F51: CHALENCON | G51: Gîte Les Blés d'Or | H51: , | I51: 7240 | J51: CHALENCON | K51: 06 46 76 97 53 | L51: 43310 | M51: 43329 | N51: SV CHALON | O51: BAUDRY Floriane | P51: 0 | Q51: 0 | R51: 0 | S51: 0 | AG51: 21 | AH51: 8 | AM51: 0 | AO51: 21 | AP51: 8 | AQ51: 2.63 | AR51: #DIV/0! | AS51: 2.63 | AT51: Ardech'show ! | AU51: =AG51+AO51 -> 42
A52: CHALON | B52: SV A | C52: BOURGOGNE-FRANCHE COMTÉ | D52: 8 | E52: 21 | F52: DIJON | G52: ETHIC ETAPES | H52: 1 avenue Champollion | I52: 21000 | J52: DIJON | K52: 06 35 25 86 30 | L52: 43310 | M52: 43329 | N52: SV CHALON | O52: BOLLET-SADRIN Aurélie | Q52: 0 | R52: 0 | S52: 0 | AG52: 12 | AH52: 4 | AM52: 0 | AO52: 12 | AP52: 4 | AQ52: 3 | AR52: #DIV/0! | AS52: 3 | AT52: Chouette Vacances | AU52: =AG52+AO52 -> 24
A53: CHALON | B53: SV A | C53: BOURGOGNE-FRANCHE COMTÉ | D53: 8 | E53: 21 | F53: DIJON | G53: ETHIC ETAPES | H53: 1 avenue Champollion | I53: 21000 | J53: DIJON | K53: 06 35 25 86 30 | L53: 43310 | M53: 43329 | N53: SV CHALON | O53: BOLLET-SADRIN Aurélie | P53: 0 | Q53: 0 | R53: 0 | S53: 0 | AG53: 12 | AH53: 5 | AM53: 0 | AO53: 12 | AP53: 5 | AQ53: 2.4 | AR53: #DIV/0! | AS53: 2.4 | AT53: Au cœur de la ville | AU53: =AG53+AO53 -> 24
A54: CHALON | B54: SV A | C54: BOURGOGNE-FRANCHE COMTÉ | D54: 8 | E54: 25 | F54: ARC-SOUS-CICON | G54: Ferme petit pâturage | H54: Gîte Le Ptit coin de Paradis | I54: 25520 | J54: ARC-SOUS-CICON | K54: 06 24 82 54 05 | L54: 43310 | M54: 43329 | N54: SV CHALON | O54: SERPEAU MATHILDE | P54: 0 | Q54: 0 | R54: BAFD EN COURS DEES EN COURS ANCIENNETE EEDF PUBLIC | S54: 0 | AG54: 15 | AH54: 4 | AM54: 0 | AO54: 15 | AP54: 4 | AQ54: 3.75 | AR54: #DIV/0! | AS54: 3.75 | AT54: Bienvenue à la ferme | AU54: =AG54+AO54 -> 30
A55: CHALON | B55: SV A | C55: BOURGOGNE-FRANCHE COMTÉ | D55: 8 | E55: 70 | F55: LA ROSIERE | G55: M.F.R. La Source du Tampa | H55: Rte des Forts | I55: 70310 | J55: LA ROSIERE | K55: 06 29 34 58 58 | L55: 43310 | M55: 43329 | N55: SV CHALON | O55: MASTRORILLO MARGO | P55: 0 | Q55: 0 | R55: DEUG STAPS EN COURS DVLA EN COURS EXPERIENCE PUBLIC | S55: 0 | AG55: 18 | AH55: 8 | AM55: 0 | AO55: 18 | AP55: 8 | AQ55: 2.25 | AR55: #DIV/0! | AS55: 2.25 | AT55: Ambiance Zen | AU55: =AG55+AO55 -> 36
A56: CHALON | B56: SV A | C56: DOM TOM | D56: 8 | E56: 91 | F56: GUADELOUPE | G56: 92 imp. Fraiderick L'Houezel | H56: Le Gosier | I56: 91790 | J56: GUADELOUPE | K56: 03 85 43 60 76 | L56: 43310 | M56: 43329 | N56: SV CHALON | O56: FLITI LOUISE | P56: 0 | Q56: 0 | R56: BAFD DVLA ANCIENNETE EEDF FONCTION | S56: 0 | AG56: 15 | AH56: 3 | AM56: 0 | AO56: 15 | AP56: 3 | AQ56: 5 | AR56: #DIV/0! | AS56: 5 | AT56: Sous les Cocotiers | AU56: =AG56+AO56 -> 30
A57: CHALON | B57: SV A | C57: DOM TOM | D57: 8 | E57: 97 | F57: LA RIVIERE ST-LOUIS - LA REUNION | G57: LE VILLAGE | H57: 17/19 chemin Guichard | I57: 97421 | J57: LA RIVIERE ST-LOUIS - LA REUNION | K57: 03 85 43 60 76 | L57: 43310 | M57: 43329 | N57: SV CHALON | O57: GUERTAULT PATRICK | P57: 0 | Q57: 0 | R57: BAFD ANCIENNETE EEDF FONCTION | S57: 0 | AG57: 15 | AH57: 3 | AM57: 0 | AO57: 15 | AP57: 3 | AQ57: 5 | AR57: #DIV/0! | AS57: 5 | AT57: Couleurs Créoles | AU57: =AG57+AO57 -> 30
A58: CHALON | B58: SV A | C58: ETRANGER | D58: 8 | E58: ET | F58: Chania - CRETE | G58: Manos appt, Kavros | H58: Paralia Kournas, Georgioupoli | I58: ET | J58: Chania - 73007 CRETE | K58: 03 85 43 60 76 | L58: 43310 | M58: 43329 | N58: SV CHALON | O58: RIVAIN LUCIE | P58: 0 | Q58: 0 | R58: BAFA ANCIENNETE EEDF FONCTION | S58: 0 | AG58: 15 | AH58: 3 | AM58: 0 | AO58: 15 | AP58: 3 | AQ58: 5 | AR58: #DIV/0! | AS58: 5 | AT58: Odyssée Crétoise | AU58: =AG58+AO58 -> 30
A59: CHALON | B59: SV A | C59: ETRANGER | D59: 8 | E59: ET | F59: HR-52204 LIZNJAN-CROATIE | G59: HOUSE***PALMA SMILJEVAC50 | H59: , | I59: ET | J59: HR-52204 LIZNJAN-52204 CROATIE | K59: 03 85 43 60 76 | L59: 43310 | M59: 43329 | N59: SV CHALON | O59: GIAMMONA EMMANUEL | P59: 0 | Q59: 0 | R59: DEME ANCIENNETE EEDF FONCTION | S59: 0 | AG59: 11 | AH59: 3 | AM59: 0 | AO59: 11 | AP59: 3 | AQ59: 3.67 | AR59: #DIV/0! | AS59: 3.67 | AT59: Perle de l'Adriatique | AU59: =AG59+AO59 -> 22
A60: CHALON | B60: SV A | C60: ETRANGER | D60: 8 | E60: ET | F60: San Pietro in Cariano (VR) - ITALY | G60: VILLA San Bonifacio | H60: Via Chiesa n10 | I60: 37029 | J60: San Pietro in Cariano (VR) - ITALY | K60: 03 85 43 60 76 | L60: 43310 | M60: 43329 | N60: SV CHALON | O60: MEZRAG SABRINA | P60: 0 | Q60: 0 | R60: BAFD DVLA ANCIENNETE EEDF FONCTION | S60: 0 | AG60: 14 | AH60: 4 | AM60: 0 | AO60: 14 | AP60: 4 | AQ60: 3.5 | AR60: #DIV/0! | AS60: 3.5 | AT60: La Dolce Vita | AU60: =AG60+AO60 -> 28
A61: CHALON | B61: SV A | C61: ETRANGER | D61: 8 | E61: ET | F61: COIMBRA-PORTUGAL | G61: Villa Bisou | H61: 3080/177 Figueira Da Foz | I61: ET | J61: COIMBRA-PORTUGAL | K61: 03 85 43 60 76 | L61: 43310 | M61: 43329 | N61: SV CHALON | O61: GIGNAT MELISSA | P61: 0 | Q61: 0 | R61: BAFD DVLA ANCIENNETE EEDF FONCTION | S61: 0 | AG61: 14 | AH61: 4 | AM61: 0 | AO61: 14 | AP61: 4 | AQ61: 3.5 | AR61: #DIV/0! | AS61: 3.5 | AT61: Beijos de Portugal | AU61: =AG61+AO61 -> 28
A62: CHALON | B62: SV A | C62: GRAND-EST | D62: 8 | E62: 52 | F62: DOULAINCOURT | G62: MFR de Montrol | H62: 12 rue Toupot BP17 | I62: 52270 | J62: DOULAINCOURT | K62: 06 27 66 57 19 | L62: 43310 | M62: 43329 | N62: SV CHALON | O62: 0 | P62: 0 | Q62: 0 | R62: 0 | S62: 0 | AG62: 21 | AH62: 10 | AM62: 0 | AO62: 21 | AP62: 10 | AQ62: 2.1 | AR62: #DIV/0! | AS62: 2.1 | AT62: Pause bien être | AU62: =AG62+AO62 -> 42
A63: CHALON | B63: SV A | C63: GRAND-EST | D63: 8 | E63: 88 | F63: CORNIMONT | G63: Gîte Le Montagnard | H63: 13ch. des Chauds Fours | I63: 88310 | J63: CORNIMONT | K63: 06 35 14 19 77 | L63: 43310 | M63: 43329 | N63: SV CHALON | O63: BAKIRI INES | P63: 0 | Q63: 0 | R63: BAFD EN COURS EXPERIENCE PUBLIC | S63: 0 | AG63: 24 | AH63: 9 | AM63: 0 | AO63: 24 | AP63: 9 | AQ63: 2.67 | AR63: #DIV/0! | AS63: 2.67 | AT63: Gourmandises des Vosges | AU63: =AG63+AO63 -> 48
A64: CHALON | B64: SV A | C64: NOUVELLE AQUITAINE | D64: 8 | E64: ITINERANT | F64: PAYS BASQUES | G64: Séjour itinérant | H64: , | I64: ITI | J64: PAYS BASQUES | K64: 06 12 76 61 96 | L64: 43310 | M64: 43329 | N64: SV CHALON | O64: REBATET ELENA | P64: 0 | Q64: 0 | R64: BAFD DVLA ANCIENNETE EEDF FONCTION | S64: 0 | AG64: 14 | AH64: 4 | AM64: 0 | AO64: 14 | AP64: 4 | AQ64: 3.5 | AR64: #DIV/0! | AS64: 3.5 | AT64: Aventure Insolite | AU64: =AG64+AO64 -> 28
A65: CHALON | B65: SV A | C65: OCCITANIE | D65: 8 | E65: 30 | F65: ALZON | G65: Gîte Le Colombier | H65: Ch. de la laiterie | I65: 30770 | J65: ALZON | K65: 06 19 74 98 79 | L65: 43310 | M65: 43329 | N65: SV CHALON | O65: MILOUDI RADJAE | P65: 0 | Q65: 0 | R65: BAFA ANCIENNETE EEDF FONCTION | S65: 0 | AG65: 21 | AH65: 7 | AM65: 0 | AO65: 21 | AP65: 7 | AQ65: 3 | AR65: #DIV/0! | AS65: 3 | AT65: Aux portes du soleil | AU65: =AG65+AO65 -> 42
